original_index,question,cypher,error
26,List all the relationships a person named 'Keanu Reeves' has with movies.,"MATCH (p:Person {name: 'Keanu Reeves'})-[r]->(m:Movie)
RETURN type(r) AS relationship, m.title AS movie",Generic relationship patterns without type are not supported
27,Show the top 5 movies by the number of reviews they received.,"MATCH (m:Movie)<-[r:REVIEWED]-(:Person)
RETURN m.title AS movie, count(r) AS numReviews
ORDER BY numReviews DESC
LIMIT 5","
[REP19] The variable 'r' was not available for use in the reduce.
Caused: [QEX7] Error in provided query.
Near 4:28
-----
      $m isa movie;
      $m has title $titlem;
--> reduce $numReviews = count($r) groupby $titlem;
                               ^
    sort $numReviews desc;
    limit 5;
-----"
36,Show the top 5 movies with the most roles in their cast.,"MATCH (m:Movie)<-[r:ACTED_IN]-(p:Person)
WITH m, size(r.roles) AS roleCount
ORDER BY roleCount DESC
LIMIT 5
RETURN m.title AS movie, roleCount AS `number of cast roles`",size() function is not supported
42,Which movies have been reviewed with a rating exactly 75?,"MATCH (m:Movie)<-[r:REVIEWED]-(p:Person)
WHERE r.rating = 75
RETURN m.title, r.summary, r.rating","
[TQL0] [TQL03] TypeQL Error: There is a syntax error
parsing error: expected type_constraint_base, thing_constraint, relation, comparator, list_index, IS, PLUS, MINUS, TIMES, DIVIDE, POWER, or MODULO
Near 5:11:
    match
      $m isa movie;
      $p isa person;
      $r (reviewer: $p, film: $m) isa reviewed, has rating $ratingr, has summary $summaryr;
-->   $ratingr = 75;
               ^
      $m has title $titlem;
    fetch {
      ""title"": $titlem,
      ""summary"": $summaryr,
      ""rating"": $ratingr
    };
Caused: Error in usage of TypeQL.
Caused: [TSV7] Query parsing failed."
47,Find all people who have followed and been followed by the same person.,"MATCH (p1:Person)-[:FOLLOWS]->(p2:Person)-[:FOLLOWS]->(p1)
RETURN p1, p2","
[FER21] Encountered multiple mappings for one key ""name"" in a single object.
Source:
{ ""name"": $namep1, ""born"": $bornp1, ""name"": $namep2, ""born"": $bornp2}
Caused: [REP23] Error building representation of fetch stage.
Caused: [QEX7] Error in provided query."
52,List all movies with more than one role listed in the 'ACTED_IN' relationship.,"MATCH (m:Movie)<-[r:ACTED_IN]-(p:Person)
WHERE size(r.roles) > 1
RETURN m.title, r.roles",size() function is not supported
58,Which person has the most roles in a single movie?,"MATCH (p:Person)-[r:ACTED_IN]->(m:Movie)
RETURN p.name AS person, m.title AS movie, size(r.roles) AS num_roles
ORDER BY num_roles DESC
LIMIT 1",size() function is not supported
63,What are the top 5 movies with the most roles listed in their 'ACTED_IN' relationship?,"MATCH (m:Movie)<-[r:ACTED_IN]-(p:Person)
RETURN m.title, size(r.roles) AS num_roles
ORDER BY num_roles DESC
LIMIT 5",size() function is not supported
73,List all movies with a rating of exactly 85 in the 'REVIEWED' relationship.,"MATCH (m:Movie)<-[r:REVIEWED]-(p:Person)
WHERE r.rating = 85
RETURN m.title AS movie","
[TQL0] [TQL03] TypeQL Error: There is a syntax error
parsing error: expected type_constraint_base, thing_constraint, relation, comparator, list_index, IS, PLUS, MINUS, TIMES, DIVIDE, POWER, or MODULO
Near 5:11:
    match
      $m isa movie;
      $p isa person;
      $r (reviewer: $p, film: $m) isa reviewed, has rating $ratingr;
-->   $ratingr = 85;
               ^
      $m has title $titlem;
    fetch {
      ""movie"": $titlem
    };
Caused: Error in usage of TypeQL.
Caused: [TSV7] Query parsing failed."
97,What are the top 5 movies with the most roles for actors born after 1970?,"MATCH (m:Movie)<-[ai:ACTED_IN]-(p:Person)
WHERE p.born > 1970
WITH m, count(ai) AS roleCount
RETURN m.title AS movie, roleCount
ORDER BY roleCount DESC
LIMIT 5",Cannot parse WHERE clause for HAVING: p.born > 1970
103,Find the first 3 actors who acted in more than one movie with a tagline containing 'beginning'.,"MATCH (p:Person)-[:ACTED_IN]->(m:Movie)
WHERE m.tagline CONTAINS 'beginning'
WITH p, count(m) AS movieCount
WHERE movieCount > 1
RETURN p.name
LIMIT 3",Cannot parse WHERE clause for HAVING: m.tagline CONTAINS 'beginning'
104,List the top 5 people who produced movies that received more than 2000 votes.,"MATCH (p:Person)-[:PRODUCED]->(m:Movie)
WHERE m.votes > 2000
WITH p, count(m) AS num_movies
ORDER BY num_movies DESC
LIMIT 5
RETURN p.name AS producer, num_movies",Cannot parse WHERE clause for HAVING: m.votes > 2000
109,Who are the top 3 actors with the most roles in movies released before 1990?,"MATCH (p:Person)-[r:ACTED_IN]->(m:Movie)
WHERE m.released < 1990
WITH p, count(r) AS numRoles
ORDER BY numRoles DESC
LIMIT 3
RETURN p.name AS actor, numRoles",Cannot parse WHERE clause for HAVING: m.released < 1990
132,Find the top 5 movies with the most number of reviews.,"MATCH (m:Movie)<-[r:REVIEWED]-(:Person)
RETURN m.title AS movie, count(r) AS numReviews
ORDER BY numReviews DESC
LIMIT 5","
[REP19] The variable 'r' was not available for use in the reduce.
Caused: [QEX7] Error in provided query.
Near 4:28
-----
      $m isa movie;
      $m has title $titlem;
--> reduce $numReviews = count($r) groupby $titlem;
                               ^
    sort $numReviews desc;
    limit 5;
-----"
138,Which person has produced the most movies and what are those movies?,"MATCH (p:Person)-[:PRODUCED]->(m:Movie)
WITH p, collect(m) AS movies, count(m) AS movieCount
ORDER BY movieCount DESC
LIMIT 1
RETURN p.name AS producer, [movie IN movies | movie.title] AS producedMovies","
[FER5] The variable 'namep' is not available.
Source:
$namep
Caused: [REP23] Error building representation of fetch stage.
Caused: [QEX7] Error in provided query."
139,What are the top 5 movies with the highest average review rating?,"MATCH (m:Movie)<-[r:REVIEWED]-(p:Person)
WITH m, avg(r.rating) AS avgRating
ORDER BY avgRating DESC
LIMIT 5
RETURN m.title AS movie, avgRating","
[REP18] The variable 'avgRating' was not available in the stage.
Caused: [QEX7] Error in provided query.
Near 6:6
-----
      $r (reviewer: $p, film: $m) isa reviewed, has rating $ratingr;
      $m has title $titlem;
--> sort $avgRating desc;
         ^
    limit 5;
    fetch {
-----"
143,How many different people have reviewed movies released before 1990?,"MATCH (p:Person)-[:REVIEWED]->(m:Movie)
WHERE m.released < 1990
RETURN count(distinct p) AS num_reviewers",Concept Error: Invalid query answer conversion from '_ConceptRowIterator' to 'ConceptDocumentIterator'.
145,Which person has acted in the most movies and what are those movies titles?,"MATCH (p:Person)-[:ACTED_IN]->(m:Movie)
WITH p, collect(m.title) AS movies, count(m) AS numMovies
ORDER BY numMovies DESC
LIMIT 1
RETURN p.name AS person, movies","
[FER5] The variable 'namep' is not available.
Source:
$namep
Caused: [REP23] Error building representation of fetch stage.
Caused: [QEX7] Error in provided query."
150,List the top 5 oldest actors and the movies they have acted in.,"MATCH (p:Person)-[:ACTED_IN]->(m:Movie)
WITH p, m
ORDER BY p.born
LIMIT 5
RETURN p.name AS actor, collect(m.title) AS movies","
[REP18] The variable 'bornp' was not available in the stage.
Caused: [QEX7] Error in provided query.
Near 7:6
-----
      $p has name $namep;
      $m has title $titlem;
--> sort $bornp asc;
         ^
    limit 5;
    fetch {
-----"
153,What is the average rating of movies reviewed by people born after 1980?,"MATCH (p:Person)-[r:REVIEWED]->(m:Movie)
WHERE p.born > 1980
RETURN avg(r.rating) AS average_rating","
[TQL0] [TQL03] TypeQL Error: There is a syntax error
parsing error: expected reducer
Near 7:25:
    match
      $p isa person;
      $m isa movie;
      $r (reviewer: $p, film: $m) isa reviewed, has rating $ratingr;
      $p has born $bornp;
      $bornp > 1980;
--> reduce $average_rating = avg($ratingr);
                             ^
Caused: Error in usage of TypeQL.
Caused: [TSV7] Query parsing failed."
159,Who has directed the most movies released after 2000 and what are those movies?,"MATCH (d:Person)-[:DIRECTED]->(m:Movie)
WHERE m.released > 2000
WITH d, count(m) AS num_movies, collect(m.title) AS movies
ORDER BY num_movies DESC
LIMIT 1
RETURN d.name AS director, num_movies, movies",Cannot parse WHERE clause for HAVING: m.released > 2000
163,What is the average number of votes for movies released in the 1980s?,"MATCH (m:Movie)
WHERE m.released >= 1980 AND m.released < 1990
RETURN avg(m.votes) AS average_votes_1980s","
[TQL0] [TQL03] TypeQL Error: There is a syntax error
parsing error: expected reducer
Near 7:30:
    match
      $m isa movie;
      $m has released $releasedm;
      $releasedm >= 1980;
      $releasedm < 1990;
      $m has votes $votesm;
--> reduce $average_votes_1980s = avg($votesm);
                                  ^
Caused: Error in usage of TypeQL.
Caused: [TSV7] Query parsing failed."
165,List the roles played by actors in the first 3 movies directed by Nancy Meyers.,"MATCH (d:Person {name: 'Nancy Meyers'})-[:DIRECTED]->(m:Movie)<-[:ACTED_IN]-(a:Person)
RETURN m.title AS movie, a.name AS actor, a.roles AS roles
ORDER BY m.released
LIMIT 3","
[INF11] Type-inference was unable to find compatible types for the pair of variables 'a' & 'rolesa' across a 'has' constraint. Types were:
- a: [person]
- rolesa: [roles]
Caused: [QUA1] Type inference error while compiling query annotations.
Caused: [QEX8] Error analysing query.
Near 7:6
-----
      $m has title $titlem;
      $a has name $namea;
-->   $a has roles $rolesa;
         ^
      $m has released $releasedm;
    sort $releasedm asc;
-----"
178,What is the average age of directors of the top 5 voted movies?,"MATCH (m:Movie)<-[:DIRECTED]-(d:Person)
WITH m, d
ORDER BY m.votes DESC
LIMIT 5
RETURN avg(date().year - d.born) AS averageDirectorAge",Cannot parse aggregation in: avg(date().year - d.born) AS averageDirectorAge
181,What are the first 3 movies with the highest ratings reviewed by people born after 1980?,"MATCH (p:Person)-[r:REVIEWED]->(m:Movie)
WHERE p.born > 1980
WITH m, max(r.rating) AS maxRating
ORDER BY maxRating DESC
LIMIT 3
RETURN m.title AS movie, maxRating AS rating","
[REP18] The variable 'maxRating' was not available in the stage.
Caused: [QEX7] Error in provided query.
Near 8:6
-----
      $bornp > 1980;
      $m has title $titlem;
--> sort $maxRating desc;
         ^
    limit 3;
    fetch {
-----"
182,List the top 5 movies by the number of roles and their respective actors.,"MATCH (m:Movie)<-[ai:ACTED_IN]-(p:Person)
RETURN m.title AS movie, collect(p.name) AS actors, size(ai.roles) AS numRoles
ORDER BY numRoles DESC
LIMIT 5",size() function is not supported
186,List the roles of actors in the 3 movies with the highest number of actors involved.,"MATCH (m:Movie)<-[:ACTED_IN]-(p:Person)
WITH m, collect(p) AS actors
ORDER BY size(actors) DESC
LIMIT 3
UNWIND actors AS actor
MATCH (actor)-[r:ACTED_IN]->(m)
RETURN m.title AS movie, actor.name AS actor, r.roles AS roles",size() function is not supported
188,Who directed the first 3 movies reviewed with a rating of 100 and what are their titles?,"MATCH (m:Movie)<-[r:REVIEWED]-(p:Person)
WHERE r.rating = 100
WITH m
ORDER BY m.released
LIMIT 3
MATCH (d:Person)-[:DIRECTED]->(m)
RETURN d.name AS director, m.title AS movie","
[TQL0] [TQL03] TypeQL Error: There is a syntax error
parsing error: expected type_constraint_base, thing_constraint, relation, comparator, list_index, IS, PLUS, MINUS, TIMES, DIVIDE, POWER, or MODULO
Near 5:11:
    match
      $m isa movie;
      $p isa person;
      $r (reviewer: $p, film: $m) isa reviewed, has rating $ratingr;
-->   $ratingr = 100;
               ^
      $d has name $named;
      $m has title $titlem;
      $m has released $releasedm;
    sort $releasedm asc;
    limit 3;
    fetch {
      ""director"": $named,
      ""movie"": $titlem
    };
Caused: Error in usage of TypeQL.
Caused: [TSV7] Query parsing failed."
189,What are the names of the top 3 oldest actors and the movies they have produced?,"MATCH (p:Person)-[:PRODUCED]->(m:Movie)
WITH p, m
ORDER BY p.born
LIMIT 3
RETURN p.name AS actor, collect(m.title) AS produced_movies","
[REP18] The variable 'bornp' was not available in the stage.
Caused: [QEX7] Error in provided query.
Near 7:6
-----
      $p has name $namep;
      $m has title $titlem;
--> sort $bornp asc;
         ^
    limit 3;
    fetch {
-----"
193,Who are the top 5 people who have acted in the most number of movies with a tagline?,"MATCH (p:Person)-[:ACTED_IN]->(m:Movie)
WHERE m.tagline IS NOT NULL
WITH p, count(m) AS movieCount
ORDER BY movieCount DESC
LIMIT 5
RETURN p.name AS name, movieCount",Cannot parse WHERE clause for HAVING: m.tagline IS NOT NULL
197,What is the average number of votes for movies directed by people born before 1950?,"MATCH (p:Person)-[:DIRECTED]->(m:Movie)
WHERE p.born < 1950
RETURN avg(m.votes) AS average_votes","
[TQL0] [TQL03] TypeQL Error: There is a syntax error
parsing error: expected reducer
Near 8:24:
    match
      $p isa person;
      $m isa movie;
      (director: $p, film: $m) isa directed;
      $p has born $bornp;
      $bornp < 1950;
      $m has votes $votesm;
--> reduce $average_votes = avg($votesm);
                            ^
Caused: Error in usage of TypeQL.
Caused: [TSV7] Query parsing failed."
203,Who are the first 3 oldest directors and the movies they have directed?,"MATCH (d:Person)-[:DIRECTED]->(m:Movie)
WITH d, collect(m.title) AS movies
ORDER BY d.born
LIMIT 3
RETURN d.name AS director, d.born AS birthYear, movies","
[FER5] The variable 'movies' is not available.
Source:
$movies
Caused: [REP23] Error building representation of fetch stage.
Caused: [QEX7] Error in provided query."
214,Name the first 3 actors who have acted in more than one movie with a tagline containing the word 'freedom'.,"MATCH (p:Person)-[:ACTED_IN]->(m:Movie)
WHERE m.tagline CONTAINS 'freedom'
WITH p, count(m) AS movieCount
WHERE movieCount > 1
RETURN p.name
LIMIT 3",Cannot parse WHERE clause for HAVING: m.tagline CONTAINS 'freedom'
216,List the first 3 actors born before 1950 who reviewed a movie with a summary containing the word 'funny'.,"MATCH (p:Person)-[:REVIEWED]->(m:Movie)
WHERE p.born < 1950 AND p.summary CONTAINS 'funny'
RETURN p.name
ORDER BY p.born
LIMIT 3","
[INF11] Type-inference was unable to find compatible types for the pair of variables 'p' & 'summaryp' across a 'has' constraint. Types were:
- p: [person]
- summaryp: [summary]
Caused: [QUA1] Type inference error while compiling query annotations.
Caused: [QEX8] Error analysing query.
Near 7:6
-----
      $p has born $bornp;
      $bornp < 1950;
-->   $p has summary $summaryp;
         ^
      $summaryp contains ""funny"";
      $p has name $namep;
-----"
219,"Who are the top 5 actors by number of movies acted in, with each movie having at least 100 votes?","MATCH (p:Person)-[:ACTED_IN]->(m:Movie)
WHERE m.votes >= 100
WITH p, count(m) AS numMovies
ORDER BY numMovies DESC
LIMIT 5
RETURN p.name AS actor, numMovies",Cannot parse WHERE clause for HAVING: m.votes >= 100
225,Who are the top 3 actors with roles in the most diverse genres (based on taglines)?,"MATCH (a:Person)-[:ACTED_IN]->(m:Movie)
WITH a, count(DISTINCT m.tagline) AS num_genres
ORDER BY num_genres DESC
LIMIT 3
RETURN a.name AS actor, num_genres","Cannot parse WITH clause: a, count(DISTINCT m.tagline) AS num_genres"
230,Find the top 3 actors by number of movies acted in from 1990 to 2000.,"MATCH (p:Person)-[:ACTED_IN]->(m:Movie)
WHERE m.released >= 1990 AND m.released <= 2000
WITH p, count(m) AS numMovies
ORDER BY numMovies DESC
LIMIT 3
RETURN p.name AS actor, numMovies",Cannot parse WHERE clause for HAVING: m.released >= 1990 AND m.released <= 2000
245,List the top 5 movies with the most roles listed in ACTED_IN relationship.,"MATCH (m:Movie)<-[r:ACTED_IN]-(p:Person)
RETURN m.title AS movie, size(r.roles) AS roleCount
ORDER BY roleCount DESC
LIMIT 5",size() function is not supported
249,"Find all movies with a summary 'Dark, but compelling'.","MATCH (m:Movie)<-[r:REVIEWED]-(p:Person)
WHERE r.summary = 'Dark, but compelling'
RETURN m","
[TQL0] [TQL03] TypeQL Error: There is a syntax error
parsing error: expected type_constraint_base, thing_constraint, relation, comparator, list_index, IS, PLUS, MINUS, TIMES, DIVIDE, POWER, or MODULO
Near 5:12:
    match
      $m isa movie;
      $p isa person;
      $r (reviewer: $p, film: $m) isa reviewed, has summary $summaryr;
-->   $summaryr = ""Dark, but compelling"";
                ^
      $m has title $titlem;
      $m has votes $votesm;
      $m has tagline $taglinem;
      $m has released $releasedm;
    fetch {
      ""title"": $titlem,
      ""votes"": $votesm,
      ""tagline"": $taglinem,
      ""released"": $releasedm
    };
Caused: Error in usage of TypeQL.
Caused: [TSV7] Query parsing failed."
260,Who has the most roles in a single movie?,"MATCH (p:Person)-[r:ACTED_IN]->(m:Movie)
RETURN p.name AS person, m.title AS movie, size(r.roles) AS num_roles
ORDER BY num_roles DESC
LIMIT 1",size() function is not supported
262,Which movies have been reviewed with a rating of 100?,"MATCH (m:Movie)<-[r:REVIEWED]-(p:Person)
WHERE r.rating = 100
RETURN m.title","
[TQL0] [TQL03] TypeQL Error: There is a syntax error
parsing error: expected type_constraint_base, thing_constraint, relation, comparator, list_index, IS, PLUS, MINUS, TIMES, DIVIDE, POWER, or MODULO
Near 5:11:
    match
      $m isa movie;
      $p isa person;
      $r (reviewer: $p, film: $m) isa reviewed, has rating $ratingr;
-->   $ratingr = 100;
               ^
      $m has title $titlem;
    fetch {
      ""title"": $titlem
    };
Caused: Error in usage of TypeQL.
Caused: [TSV7] Query parsing failed."
264,Who are the top 5 persons with the most reviews written?,"MATCH (p:Person)-[r:REVIEWED]->()
RETURN p.name AS name, count(r) AS num_reviews
ORDER BY num_reviews DESC
LIMIT 5","
[REP19] The variable 'r' was not available for use in the reduce.
Caused: [QEX7] Error in provided query.
Near 4:29
-----
      $p isa person;
      $p has name $namep;
--> reduce $num_reviews = count($r) groupby $namep;
                                ^
    sort $num_reviews desc;
    limit 5;
-----"
265,What are the most common roles played by actors in movies from the 1990s?,"MATCH (p:Person)-[r:ACTED_IN]->(m:Movie)
WHERE m.released >= 1990 AND m.released < 2000
UNWIND r.roles AS role
RETURN role, count(*) AS frequency
ORDER BY frequency DESC
LIMIT 10",Concept Error: Invalid query answer conversion from '_ConceptRowIterator' to 'ConceptDocumentIterator'.
267,List the movies with exactly 3 roles in the ACTED_IN relationship.,"MATCH (m:Movie)<-[r:ACTED_IN]-(p:Person)
WHERE size(r.roles) = 3
RETURN m.title",size() function is not supported
269,Find the top 5 movies with the lowest ratings in REVIEWS.,"MATCH (m:Movie)<-[r:REVIEWED]-(p:Person)
RETURN m.title AS movie, avg(r.rating) AS averageRating
ORDER BY averageRating
LIMIT 5","
[TQL0] [TQL03] TypeQL Error: There is a syntax error
parsing error: expected reducer
Near 5:24:
    match
      $m isa movie;
      $p isa person;
      $r (reviewer: $p, film: $m) isa reviewed, has rating $ratingr;
--> reduce $averageRating = avg($ratingr);
                            ^
Caused: Error in usage of TypeQL.
Caused: [TSV7] Query parsing failed."
275,Who has directed the most movies released after 2000?,"MATCH (d:Person)-[:DIRECTED]->(m:Movie)
WHERE m.released > 2000
WITH d, count(m) AS num_movies
ORDER BY num_movies DESC
LIMIT 1
RETURN d.name AS director, num_movies",Cannot parse WHERE clause for HAVING: m.released > 2000
276,What are the common roles for Keanu Reeves across all his movies?,"MATCH (p:Person {name: 'Keanu Reeves'})-[r:ACTED_IN]->(m:Movie)
WITH p, collect(r.roles) AS rolesList
UNWIND rolesList AS roles
UNWIND roles AS role
RETURN p.name, role, count(*) AS times_played
ORDER BY times_played DESC",Concept Error: Invalid query answer conversion from '_ConceptRowIterator' to 'ConceptDocumentIterator'.
277,List the top 5 movies with the most diverse cast in terms of birth years.,"MATCH (m:Movie)<-[:ACTED_IN]-(p:Person)
WITH m, collect(p.born) AS birthYears
RETURN m.title AS movie, size(apoc.coll.toSet(birthYears)) AS numUniqueBirthYears
ORDER BY numUniqueBirthYears DESC
LIMIT 5",size() function is not supported
281,"Find all movies with a summary 'Fun, but a little far fetched'.","MATCH (m:Movie)<-[r:REVIEWED]-(p:Person)
WHERE r.summary = 'Fun, but a little far fetched'
RETURN m","
[TQL0] [TQL03] TypeQL Error: There is a syntax error
parsing error: expected type_constraint_base, thing_constraint, relation, comparator, list_index, IS, PLUS, MINUS, TIMES, DIVIDE, POWER, or MODULO
Near 5:12:
    match
      $m isa movie;
      $p isa person;
      $r (reviewer: $p, film: $m) isa reviewed, has summary $summaryr;
-->   $summaryr = ""Fun, but a little far fetched"";
                ^
      $m has title $titlem;
      $m has votes $votesm;
      $m has tagline $taglinem;
      $m has released $releasedm;
    fetch {
      ""title"": $titlem,
      ""votes"": $votesm,
      ""tagline"": $taglinem,
      ""released"": $releasedm
    };
Caused: Error in usage of TypeQL.
Caused: [TSV7] Query parsing failed."
287,Which movies have been reviewed by more than two persons?,"MATCH (m:Movie)
WHERE size([(p)-[:REVIEWED]->(m) | p]) > 2
RETURN m.title",size() function is not supported
292,Who are the top 5 directors of movies released after 1995?,"MATCH (d:Person)-[:DIRECTED]->(m:Movie)
WHERE m.released > 1995
WITH d, count(m) AS num_movies
ORDER BY num_movies DESC
LIMIT 5
RETURN d.name AS director, num_movies",Cannot parse WHERE clause for HAVING: m.released > 1995
301,List the top 3 highest-rated movies by reviews.,"MATCH (m:Movie)<-[r:REVIEWED]-(p:Person)
RETURN m.title AS movie, avg(r.rating) AS avgRating
ORDER BY avgRating DESC
LIMIT 3","
[TQL0] [TQL03] TypeQL Error: There is a syntax error
parsing error: expected reducer
Near 5:20:
    match
      $m isa movie;
      $p isa person;
      $r (reviewer: $p, film: $m) isa reviewed, has rating $ratingr;
--> reduce $avgRating = avg($ratingr);
                        ^
Caused: Error in usage of TypeQL.
Caused: [TSV7] Query parsing failed."
313,How many people have directed more than two movies?,"MATCH (p:Person)-[:DIRECTED]->(m:Movie)
WITH p, count(m) AS num_directed
WHERE num_directed > 2
RETURN count(p) AS num_people_directed_more_than_two","
[TQL0] [TQL03] TypeQL Error: There is a syntax error
parsing error: expected fetch_body
Near 7:8:
    match
      $p isa person;
      $m isa movie;
      (director: $p, film: $m) isa directed;
    reduce $num_directed = count($m);
    match $num_directed > 2;
--> fetch { };
            ^
Caused: Error in usage of TypeQL.
Caused: [TSV7] Query parsing failed."
328,Which top 5 people have directed movies with more than 200 votes?,"MATCH (p:Person)-[:DIRECTED]->(m:Movie)
WHERE m.votes > 200
WITH p, count(m) AS num_movies
ORDER BY num_movies DESC
LIMIT 5
RETURN p.name AS director, num_movies",Cannot parse WHERE clause for HAVING: m.votes > 200
335,Which top 5 movies received the highest ratings in reviews written by someone born in 1965?,"MATCH (p:Person)-[r:REVIEWED]->(m:Movie)
WHERE p.born = 1965
WITH m, max(r.rating) AS maxRating
ORDER BY maxRating DESC
LIMIT 5
RETURN m.title AS movie, maxRating AS rating","
[REP18] The variable 'maxRating' was not available in the stage.
Caused: [QEX7] Error in provided query.
Near 7:6
-----
      $p has born 1965;
      $m has title $titlem;
--> sort $maxRating desc;
         ^
    limit 5;
    fetch {
-----"
348,Who are the top 3 people who have acted in at least two movies with more than 100 votes each?,"MATCH (p:Person)-[:ACTED_IN]->(m:Movie)
WHERE m.votes > 100
WITH p, count(m) AS numMovies
WHERE numMovies >= 2
RETURN p.name
ORDER BY numMovies DESC
LIMIT 3",Cannot parse WHERE clause for HAVING: m.votes > 100
362,How many movies has Keanu Reeves acted in?,"MATCH (p:Person {name: 'Keanu Reeves'})-[:ACTED_IN]->(m:Movie)
RETURN count(m) AS numMovies",Concept Error: Invalid query answer conversion from '_ConceptRowIterator' to 'ConceptDocumentIterator'.
372,Who produced the most movies released after 2000?,"MATCH (p:Person)-[:PRODUCED]->(m:Movie)
WHERE m.released > 2000
WITH p, count(m) AS num_movies
RETURN p.name AS producer, num_movies
ORDER BY num_movies DESC
LIMIT 1",Cannot parse WHERE clause for HAVING: m.released > 2000
379,Which movies have taglines longer than 30 characters?,"MATCH (m:Movie)
WHERE m.tagline IS NOT NULL AND size(m.tagline) > 30
RETURN m.title, m.tagline",size() function is not supported
380,List all relationships of Lana Wachowski.,"MATCH (p:Person {name: 'Lana Wachowski'})-[r]->(m)
RETURN type(r) as relationship, m.title as movie",Generic relationship patterns without type are not supported
385,List all movies with a released year divisible by 10.,"MATCH (m:Movie)
WHERE m.released % 10 = 0
RETURN m.title, m.released","
[TQL0] [TQL03] TypeQL Error: There is a syntax error
parsing error: expected type_constraint_base, thing_constraint, relation, comparator, list_index, IS, PLUS, MINUS, TIMES, DIVIDE, POWER, or MODULO
Near 4:13:
    match
      $m isa movie;
      $m has released $releasedm;
-->   $releasedm mod 10 = 0;
                 ^
      $m has title $titlem;
    fetch {
      ""title"": $titlem,
      ""released"": $releasedm
    };
Caused: Error in usage of TypeQL.
Caused: [TSV7] Query parsing failed."
388,List all movies with more than 3 roles listed in their ACTED_IN relationships.,"MATCH (m:Movie)<-[r:ACTED_IN]-(p:Person)
WHERE size(r.roles) > 3
RETURN m.title, r.roles",size() function is not supported
389,Who has produced movies but never acted in any?,"MATCH (p:Person)
WHERE exists{ (p)-[:PRODUCED]->(:Movie) }
  AND NOT exists{ (p)-[:ACTED_IN]->(:Movie) }
RETURN p.name","
[TQL0] [TQL03] TypeQL Error: There is a syntax error
parsing error: expected relation, comparator, expression, expression_struct, or value_literal
Near 4:33:
    match
      $p isa person;
      (producer: $p) isa produced;
-->   not { (actor: $p) isa acted_in };
                                     ^
      $p has name $namep;
    fetch {
      ""name"": $namep
    };
Caused: Error in usage of TypeQL.
Caused: [TSV7] Query parsing failed."
395,Who has the most roles in a single movie?,"MATCH (p:Person)-[r:ACTED_IN]->(m:Movie)
RETURN p.name AS person, m.title AS movie, size(r.roles) AS num_roles
ORDER BY num_roles DESC
LIMIT 1",size() function is not supported
397,Who has directed the most movies with a tagline containing 'limit'?,"MATCH (d:Person)-[:DIRECTED]->(m:Movie)
WHERE m.tagline CONTAINS 'limit'
WITH d, count(m) AS num_movies
ORDER BY num_movies DESC
LIMIT 1
RETURN d.name AS director, num_movies",Cannot parse WHERE clause for HAVING: m.tagline CONTAINS '
400,List all persons who have not reviewed any movies.,"MATCH (p:Person)
WHERE NOT exists { (p)-[:REVIEWED]->(:Movie) }
RETURN p","
[TQL0] [TQL03] TypeQL Error: There is a syntax error
parsing error: expected relation, comparator, expression, expression_struct, or value_literal
Near 3:36:
    match
      $p isa person;
-->   not { (reviewer: $p) isa reviewed };
                                        ^
      $p has name $namep;
      $p has born $bornp;
    fetch {
      ""name"": $namep,
      ""born"": $bornp
    };
Caused: Error in usage of TypeQL.
Caused: [TSV7] Query parsing failed."
401,Who has produced the highest-rated reviewed movie?,"MATCH (p:Person)-[:PRODUCED]->(m:Movie)<-[r:REVIEWED]-(reviewer:Person)
WITH p, m, max(r.rating) AS maxRating
ORDER BY maxRating DESC
LIMIT 1
RETURN p.name AS producer, m.title AS movie, maxRating AS rating","
[REP18] The variable 'maxRating' was not available in the stage.
Caused: [QEX7] Error in provided query.
Near 7:6
-----
      $p has name $namep;
      $m has title $titlem;
--> sort $maxRating desc;
         ^
    limit 1;
    fetch {
-----"
405,Who has the most diverse roles across different movies?,"MATCH (p:Person)-[r:ACTED_IN]->(m:Movie)
WITH p, size(collect(distinct r.roles)) AS num_roles
RETURN p.name AS actor, num_roles
ORDER BY num_roles DESC
LIMIT 1",size() function is not supported
408,Who has the longest name among all actors?,"MATCH (p:Person)-[:ACTED_IN]->(:Movie)
RETURN p.name AS name
ORDER BY size(p.name) DESC
LIMIT 1",size() function is not supported
412,Who has acted in the most movies released in the 1990s?,"MATCH (p:Person)-[:ACTED_IN]->(m:Movie)
WHERE m.released >= 1990 AND m.released < 2000
WITH p, count(m) AS num_movies
ORDER BY num_movies DESC
LIMIT 1
RETURN p.name AS actor, num_movies",Cannot parse WHERE clause for HAVING: m.released >= 1990 AND m.released < 2000
415,Who are the people who have not acted in any movie?,"MATCH (p:Person)
WHERE NOT exists{ (p)-[:ACTED_IN]->(:Movie) }
RETURN p.name","
[TQL0] [TQL03] TypeQL Error: There is a syntax error
parsing error: expected relation, comparator, expression, expression_struct, or value_literal
Near 3:33:
    match
      $p isa person;
-->   not { (actor: $p) isa acted_in };
                                     ^
      $p has name $namep;
    fetch {
      ""name"": $namep
    };
Caused: Error in usage of TypeQL.
Caused: [TSV7] Query parsing failed."
420,Who has written the most movies released after 2000?,"MATCH (p:Person)-[:WROTE]->(m:Movie)
WHERE m.released > 2000
WITH p, count(m) AS num_movies
RETURN p.name, num_movies
ORDER BY num_movies DESC
LIMIT 1",Cannot parse WHERE clause for HAVING: m.released > 2000
424,List the movies with exactly two roles in their ACTED_IN relationships.,"MATCH (m:Movie)<-[r:ACTED_IN]-(p:Person)
WHERE size(r.roles) = 2
RETURN m.title",size() function is not supported
425,"Who has the most movies with a 'Silly, but fun' review summary?","MATCH (p:Person)-[:REVIEWED]->(m:Movie)
WHERE p.name IS NOT NULL
WITH p, count(CASE WHEN m.summary = 'Silly, but fun' THEN 1 END) AS silly_reviews
RETURN p.name AS name, silly_reviews
ORDER BY silly_reviews DESC
LIMIT 1","Cannot parse WITH clause: p, count(CASE WHEN m.summary = 'Silly, but fun' THEN 1 END) AS silly_reviews"
430,Who are the top 3 actors with the most diverse roles?,"MATCH (p:Person)-[r:ACTED_IN]->(m:Movie)
WITH p, size(collect(distinct r.roles)) AS num_roles
ORDER BY num_roles DESC
LIMIT 3
RETURN p.name AS actor, num_roles AS number_of_distinct_roles",size() function is not supported
431,Which persons have directed the most movies with a tagline containing 'world'?,"MATCH (p:Person)-[:DIRECTED]->(m:Movie)
WHERE m.tagline CONTAINS 'world'
WITH p, count(m) AS num_movies
RETURN p.name, num_movies
ORDER BY num_movies DESC
LIMIT 1",Cannot parse WHERE clause for HAVING: m.tagline CONTAINS 'world'
432,Who has the most roles in movies released before 1985?,"MATCH (p:Person)-[r:ACTED_IN]->(m:Movie)
WHERE m.released < 1985
WITH p, count(r) AS numRoles
RETURN p.name AS name, numRoles
ORDER BY numRoles DESC
LIMIT 1",Cannot parse WHERE clause for HAVING: m.released < 1985
434,Who has reviewed the most movies with a rating above 90?,"MATCH (p:Person)-[r:REVIEWED]->(m:Movie)
WHERE r.rating > 90
WITH p, count(r) AS num_reviews
ORDER BY num_reviews DESC
LIMIT 1
RETURN p.name AS reviewer, num_reviews AS number_of_reviews",Cannot parse WHERE clause for HAVING: r.rating > 90
436,Who has directed the most movies with at least three different actors?,"MATCH (d:Person)-[:DIRECTED]->(m:Movie)<-[:ACTED_IN]-(a:Person)
WITH d, m, collect(a) AS actors
WHERE size(actors) >= 3
WITH d, count(m) AS num_movies
RETURN d.name AS director, num_movies
ORDER BY num_movies DESC
LIMIT 1",size() function is not supported
439,Who has the most productions in movies released in the 2000s?,"MATCH (p:Person)-[:PRODUCED]->(m:Movie)
WHERE m.released >= 2000 AND m.released < 2010
WITH p, count(m) AS productions
RETURN p.name AS producer, productions
ORDER BY productions DESC
LIMIT 1",Cannot parse WHERE clause for HAVING: m.released >= 2000 AND m.released < 2010
441,Who are the top 5 actors with the most reviews for movies they acted in?,"MATCH (a:Person)-[:ACTED_IN]->(m:Movie)<-[r:REVIEWED]-(p:Person)
RETURN a.name AS actor, count(r) AS reviews
ORDER BY reviews DESC
LIMIT 5","
[REP19] The variable 'r' was not available for use in the reduce.
Caused: [QEX7] Error in provided query.
Near 6:25
-----
      (actor: $a, film: $m) isa acted_in;
      $a has name $namea;
--> reduce $reviews = count($r) groupby $namea;
                            ^
    sort $reviews desc;
    limit 5;
-----"
443,Who has the most directed movies without acting in any of them?,"MATCH (d:Person)-[:DIRECTED]->(m:Movie)
WHERE NOT exists{ (d)-[:ACTED_IN]->() }
WITH d, count(m) AS directedCount
RETURN d.name AS director, directedCount
ORDER BY directedCount DESC
LIMIT 1",Cannot parse WHERE clause for HAVING: NOT exists{ (d)-[:ACTED_IN]->() }
454,Which 3 people have the smallest age difference between them?,"MATCH (p1:Person), (p2:Person)
WHERE p1 <> p2 AND p1.born IS NOT NULL AND p2.born IS NOT NULL
WITH p1, p2, abs(p1.born - p2.born) AS ageDiff
ORDER BY ageDiff
LIMIT 3
RETURN p1.name AS person1, p2.name AS person2, ageDiff","
[REP18] The variable 'ageDiff' was not available in the stage.
Caused: [QEX7] Error in provided query.
Near 8:6
-----
      $p1 has name $namep1;
      $p2 has name $namep2;
--> sort $ageDiff asc;
         ^
    limit 3;
    fetch {
-----"
455,List 3 movies with the most roles listed in the ACTED_IN relationship.,"MATCH (m:Movie)<-[r:ACTED_IN]-(p:Person)
RETURN m.title AS movie, size(r.roles) AS num_roles
ORDER BY num_roles DESC
LIMIT 3",size() function is not supported
459,Which 3 movies have the longest taglines?,"MATCH (m:Movie)
WHERE m.tagline IS NOT NULL
RETURN m.title, m.tagline
ORDER BY size(m.tagline) DESC
LIMIT 3",size() function is not supported
463,List the top 5 most reviewed movies by the number of reviews.,"MATCH (m:Movie)<-[r:REVIEWED]-(:Person)
RETURN m.title AS movie, count(r) AS numReviews
ORDER BY numReviews DESC
LIMIT 5","
[REP19] The variable 'r' was not available for use in the reduce.
Caused: [QEX7] Error in provided query.
Near 4:28
-----
      $m isa movie;
      $m has title $titlem;
--> reduce $numReviews = count($r) groupby $titlem;
                               ^
    sort $numReviews desc;
    limit 5;
-----"
465,What are the top 3 movies with the most diverse roles in the ACTED_IN relationship?,"MATCH (m:Movie)<-[r:ACTED_IN]-(p:Person)
WITH m, size(collect(distinct r.roles)) AS role_diversity
RETURN m.title AS movie, role_diversity
ORDER BY role_diversity DESC
LIMIT 3",size() function is not supported
468,Which 3 directors have the highest average movie rating for movies they directed?,"MATCH (d:Person)-[:DIRECTED]->(m:Movie)<-[r:REVIEWED]-(:Person)
WITH d, avg(r.rating) AS avg_rating
RETURN d.name AS director, avg_rating
ORDER BY avg_rating DESC
LIMIT 3","
[REP18] The variable 'avg_rating' was not available in the stage.
Caused: [QEX7] Error in provided query.
Near 6:6
-----
      (director: $d, film: $m) isa directed;
      $d has name $named;
--> sort $avg_rating desc;
         ^
    limit 3;
    fetch {
-----"
471,What are the top 3 movies by the number of roles available in the ACTED_IN relationship?,"MATCH (m:Movie)<-[r:ACTED_IN]-(p:Person)
RETURN m.title AS movie, size(r.roles) AS numRoles
ORDER BY numRoles DESC
LIMIT 3",size() function is not supported
478,List 3 movies with exactly 3 roles in the ACTED_IN relationship.,"MATCH (m:Movie)<-[ai:ACTED_IN]-(p:Person)
WHERE size(ai.roles) = 3
RETURN m.title
LIMIT 3",size() function is not supported
482,Which 3 directors have directed the most movies released after 2005?,"MATCH (d:Person)-[:DIRECTED]->(m:Movie)
WHERE m.released > 2005
WITH d, count(m) AS num_movies
ORDER BY num_movies DESC
LIMIT 3
RETURN d.name AS director, num_movies",Cannot parse WHERE clause for HAVING: m.released > 2005
484,Find the top 3 longest relationships in terms of roles between a person and a movie.,"MATCH (p:Person)-[r:ACTED_IN]->(m:Movie)
RETURN p.name AS person, m.title AS movie, r.roles AS roles
ORDER BY size(r.roles) DESC
LIMIT 3",size() function is not supported
489,Name the first 3 movies to be reviewed with a rating of exactly 75.,"MATCH (m:Movie)<-[r:REVIEWED]-(p:Person)
WHERE r.rating = 75
RETURN m.title
LIMIT 3","
[TQL0] [TQL03] TypeQL Error: There is a syntax error
parsing error: expected type_constraint_base, thing_constraint, relation, comparator, list_index, IS, PLUS, MINUS, TIMES, DIVIDE, POWER, or MODULO
Near 5:11:
    match
      $m isa movie;
      $p isa person;
      $r (reviewer: $p, film: $m) isa reviewed, has rating $ratingr;
-->   $ratingr = 75;
               ^
      $m has title $titlem;
    limit 3;
    fetch {
      ""title"": $titlem
    };
Caused: Error in usage of TypeQL.
Caused: [TSV7] Query parsing failed."
490,List 3 movies with at least 2 reviews with a summary mentioning 'compelling'.,"MATCH (m:Movie)<-[r:REVIEWED]-(p:Person)
WHERE r.summary CONTAINS 'compelling'
WITH m, count(r) AS reviewCount
WHERE reviewCount >= 2
RETURN m.title
LIMIT 3",Cannot parse WHERE clause for HAVING: r.summary CONTAINS 'compelling'
493,List the top 5 actors by the variety of roles they played in movies.,"MATCH (p:Person)-[r:ACTED_IN]->(m:Movie)
WITH p, size(collect(distinct r.roles)) as roleCount
ORDER BY roleCount DESC
LIMIT 5
RETURN p.name as actor, roleCount as numberOfRoles",size() function is not supported
495,Name 3 movies with a released year divisible by 3.,"MATCH (m:Movie)
WHERE m.released % 3 = 0
RETURN m.title
LIMIT 3","
[TQL0] [TQL03] TypeQL Error: There is a syntax error
parsing error: expected type_constraint_base, thing_constraint, relation, comparator, list_index, IS, PLUS, MINUS, TIMES, DIVIDE, POWER, or MODULO
Near 4:13:
    match
      $m isa movie;
      $m has released $releasedm;
-->   $releasedm mod 3 = 0;
                 ^
      $m has title $titlem;
    limit 3;
    fetch {
      ""title"": $titlem
    };
Caused: Error in usage of TypeQL.
Caused: [TSV7] Query parsing failed."
499,Name 3 persons who acted in the most movies with a tagline containing 'journey'.,"MATCH (p:Person)-[:ACTED_IN]->(m:Movie)
WHERE m.tagline CONTAINS 'journey'
WITH p, count(m) AS movieCount
ORDER BY movieCount DESC
LIMIT 3
RETURN p.name",Cannot parse WHERE clause for HAVING: m.tagline CONTAINS 'journey'
501,Which 3 persons have the most distinct roles in the ACTED_IN relationship?,"MATCH (p:Person)-[r:ACTED_IN]->(m:Movie)
WITH p, size(collect(distinct r.roles)) AS num_roles
ORDER BY num_roles DESC
LIMIT 3
RETURN p.name AS person, num_roles",size() function is not supported
503,Name 3 actors who have acted in the least voted movies.,"MATCH (p:Person)-[:ACTED_IN]->(m:Movie)
WITH p, min(m.votes) AS minVotes
ORDER BY minVotes
LIMIT 3
RETURN p.name AS actor","
[REP18] The variable 'minVotes' was not available in the stage.
Caused: [QEX7] Error in provided query.
Near 6:6
-----
      (actor: $p, film: $m) isa acted_in;
      $p has name $namep;
--> sort $minVotes asc;
         ^
    limit 3;
    fetch {
-----"
504,List 3 directors who have never reviewed a movie.,"MATCH (d:Person)
WHERE (d)-[:DIRECTED]->(:Movie)
  AND NOT EXISTS {
    (d)-[:REVIEWED]->(:Movie)
  }
RETURN d.name AS director
LIMIT 3","
[TQL0] [TQL03] TypeQL Error: There is a syntax error
parsing error: expected relation, comparator, expression, expression_struct, or value_literal
Near 3:36:
    match
      $d isa person;
-->   not { (reviewer: $d) isa reviewed };
                                        ^
      $d has name $named;
    limit 3;
    fetch {
      ""director"": $named
    };
Caused: Error in usage of TypeQL.
Caused: [TSV7] Query parsing failed."
506,Who are the 3 persons with the most directed movies that have a tagline?,"MATCH (p:Person)-[:DIRECTED]->(m:Movie)
WHERE m.tagline IS NOT NULL
WITH p, count(m) AS directedCount
RETURN p.name, directedCount
ORDER BY directedCount DESC
LIMIT 3",Cannot parse WHERE clause for HAVING: m.tagline IS NOT NULL
508,List the 3 movies with the highest average review ratings.,"MATCH (m:Movie)<-[r:REVIEWED]-(p:Person)
WITH m, avg(r.rating) AS avgRating
ORDER BY avgRating DESC
LIMIT 3
RETURN m.title AS movie, avgRating","
[REP18] The variable 'avgRating' was not available in the stage.
Caused: [QEX7] Error in provided query.
Near 6:6
-----
      $r (reviewer: $p, film: $m) isa reviewed, has rating $ratingr;
      $m has title $titlem;
--> sort $avgRating desc;
         ^
    limit 3;
    fetch {
-----"
511,List the 3 movies with the lowest average ratings in the REVIEWED relationship.,"MATCH (m:Movie)<-[r:REVIEWED]-(p:Person)
WITH m, avg(r.rating) AS avgRating
RETURN m.title AS movie, avgRating
ORDER BY avgRating
LIMIT 3","
[REP18] The variable 'avgRating' was not available in the stage.
Caused: [QEX7] Error in provided query.
Near 6:6
-----
      $r (reviewer: $p, film: $m) isa reviewed, has rating $ratingr;
      $m has title $titlem;
--> sort $avgRating asc;
         ^
    limit 3;
    fetch {
-----"
516,Which 3 persons follow the most directors?,"MATCH (p:Person)-[:FOLLOWS]->(d:Person)
WHERE EXISTS {(d)-[:DIRECTED]->(:Movie)}
WITH p, count(d) AS num_directors
ORDER BY num_directors DESC
LIMIT 3
RETURN p.name AS person, num_directors",Cannot parse WHERE clause for HAVING: EXISTS {(d)-[:DIRECTED]->(:Movie)}
517,What are the 3 newest relationships formed in the graph (any type)?,"MATCH ()-[r]-()
RETURN r, type(r)
ORDER BY id(r) DESC
LIMIT 3",type() function is not supported
518,Name 3 people who have the most combined roles across all their ACTED_IN movies.,"MATCH (p:Person)-[r:ACTED_IN]->(m:Movie)
WITH p, size(r.roles) AS role_count
RETURN p.name, sum(role_count) AS total_roles
ORDER BY total_roles DESC
LIMIT 3",size() function is not supported
521,Who are the 3 persons with the highest total ratings for movies they reviewed?,"MATCH (p:Person)-[r:REVIEWED]->(m:Movie)
WITH p, sum(r.rating) AS totalRating
ORDER BY totalRating DESC
LIMIT 3
RETURN p.name AS reviewer, totalRating","
[REP18] The variable 'totalRating' was not available in the stage.
Caused: [QEX7] Error in provided query.
Near 6:6
-----
      $r (reviewer: $p, film: $m) isa reviewed, has rating $ratingr;
      $p has name $namep;
--> sort $totalRating desc;
         ^
    limit 3;
    fetch {
-----"
525,Which 3 directors have directed movies with the most distinct taglines?,"MATCH (d:Person)-[:DIRECTED]->(m:Movie)
WHERE m.tagline IS NOT NULL
WITH d, count(DISTINCT m.tagline) AS num_taglines
RETURN d.name AS director, num_taglines
ORDER BY num_taglines DESC
LIMIT 3","Cannot parse WITH clause: d, count(DISTINCT m.tagline) AS num_taglines"
527,List the top 3 movies with roles played by persons born in the 1940s.,"MATCH (p:Person)-[ai:ACTED_IN]->(m:Movie)
WHERE p.born >= 1940 AND p.born < 1950
RETURN m.title AS movie, collect(ai.roles) AS roles
ORDER BY size(roles) DESC
LIMIT 3",size() function is not supported
528,Name 3 persons who have acted in movies with the most distinct titles.,"MATCH (p:Person)-[:ACTED_IN]->(m:Movie)
RETURN p.name, count(distinct m.title) AS num_movies
ORDER BY num_movies DESC
LIMIT 3",Concept Error: Invalid query answer conversion from '_ConceptRowIterator' to 'ConceptDocumentIterator'.
532,Which 3 persons have the most diverse roles across movies they acted in?,"MATCH (p:Person)-[r:ACTED_IN]->(m:Movie)
WITH p, size(collect(distinct r.roles)) AS num_roles
ORDER BY num_roles DESC
LIMIT 3
RETURN p.name AS person, num_roles AS number_of_distinct_roles",size() function is not supported
534,Name 3 directors who have directed movies with the least number of votes.,"MATCH (d:Person)-[:DIRECTED]->(m:Movie)
WITH d, min(m.votes) AS minVotes
ORDER BY minVotes
LIMIT 3
RETURN d.name AS director","
[REP18] The variable 'minVotes' was not available in the stage.
Caused: [QEX7] Error in provided query.
Near 6:6
-----
      (director: $d, film: $m) isa directed;
      $d has name $named;
--> sort $minVotes asc;
         ^
    limit 3;
    fetch {
-----"
536,Who are the top 3 producers by the number of movies with different taglines?,"MATCH (p:Person)-[:PRODUCED]->(m:Movie)
WHERE m.tagline IS NOT NULL
WITH p, count(DISTINCT m.tagline) AS num_taglines
RETURN p.name AS producer, num_taglines
ORDER BY num_taglines DESC
LIMIT 3","Cannot parse WITH clause: p, count(DISTINCT m.tagline) AS num_taglines"
538,Name 3 persons who have reviewed the most movies released before 2000.,"MATCH (p:Person)-[r:REVIEWED]->(m:Movie)
WHERE m.released < 2000
WITH p, count(r) AS numReviews
ORDER BY numReviews DESC
LIMIT 3
RETURN p.name AS reviewer",Cannot parse WHERE clause for HAVING: m.released < 2000
548,What is the highest rating given to any movie by any person?,"MATCH (p:Person)-[r:REVIEWED]->(m:Movie)
RETURN max(r.rating) AS highest_rating",Concept Error: Invalid query answer conversion from '_ConceptRowIterator' to 'ConceptDocumentIterator'.
555,Which persons have only directed movies and never acted in any?,"MATCH (p:Person)
WHERE EXISTS {(p)-[:DIRECTED]->(:Movie)}
  AND NOT EXISTS {(p)-[:ACTED_IN]->(:Movie)}
RETURN p.name","
[TQL0] [TQL03] TypeQL Error: There is a syntax error
parsing error: expected relation, comparator, expression, expression_struct, or value_literal
Near 4:33:
    match
      $p isa person;
      (director: $p) isa directed;
-->   not { (actor: $p) isa acted_in };
                                     ^
      $p has name $namep;
    fetch {
      ""name"": $namep
    };
Caused: Error in usage of TypeQL.
Caused: [TSV7] Query parsing failed."
556,List all the movies where the roles list contains more than 4 characters.,"MATCH (m:Movie)<-[ai:ACTED_IN]-(p:Person)
WHERE EXISTS {
  (m)<-[ai2:ACTED_IN]-(p2:Person)
  WHERE size(ai2.roles) > 4
}
RETURN m.title AS movie, collect(p.name) AS actors",size() function is not supported
561,What are the combined total votes of all movies Joel Silver produced?,"MATCH (p:Person {name: 'Joel Silver'})-[:PRODUCED]->(m:Movie)
RETURN sum(m.votes) AS totalVotes",Concept Error: Invalid query answer conversion from '_ConceptRowIterator' to 'ConceptDocumentIterator'.
563,List all movies with a release year divisible by 5.,"MATCH (m:Movie)
WHERE m.released % 5 = 0
RETURN m.title, m.released","
[TQL0] [TQL03] TypeQL Error: There is a syntax error
parsing error: expected type_constraint_base, thing_constraint, relation, comparator, list_index, IS, PLUS, MINUS, TIMES, DIVIDE, POWER, or MODULO
Near 4:13:
    match
      $m isa movie;
      $m has released $releasedm;
-->   $releasedm mod 5 = 0;
                 ^
      $m has title $titlem;
    fetch {
      ""title"": $titlem,
      ""released"": $releasedm
    };
Caused: Error in usage of TypeQL.
Caused: [TSV7] Query parsing failed."
568,How many different persons have reviewed 'Speed Racer'?,"MATCH (m:Movie {title: 'Speed Racer'})
MATCH (p:Person)-[:REVIEWED]->(m)
RETURN count(DISTINCT p) AS num_reviewers",Concept Error: Invalid query answer conversion from '_ConceptRowIterator' to 'ConceptDocumentIterator'.
572,How many movies has Lana Wachowski directed?,"MATCH (p:Person {name: 'Lana Wachowski'})-[:DIRECTED]->(m:Movie)
RETURN count(m) AS num_movies_directed",Concept Error: Invalid query answer conversion from '_ConceptRowIterator' to 'ConceptDocumentIterator'.
576,What are the first 3 movies with the longest role lists in 'ACTED_IN' relationships?,"MATCH (m:Movie)<-[r:ACTED_IN]-(p:Person)
RETURN m.title AS movie, size(r.roles) AS roleCount
ORDER BY roleCount DESC
LIMIT 3",size() function is not supported
577,Which persons have reviewed movies with a rating of 100?,"MATCH (p:Person)-[r:REVIEWED]->(m:Movie)
WHERE r.rating = 100
RETURN p.name AS reviewer, m.title AS movie","
[TQL0] [TQL03] TypeQL Error: There is a syntax error
parsing error: expected type_constraint_base, thing_constraint, relation, comparator, list_index, IS, PLUS, MINUS, TIMES, DIVIDE, POWER, or MODULO
Near 5:11:
    match
      $p isa person;
      $m isa movie;
      $r (reviewer: $p, film: $m) isa reviewed, has rating $ratingr;
-->   $ratingr = 100;
               ^
      $p has name $namep;
      $m has title $titlem;
    fetch {
      ""reviewer"": $namep,
      ""movie"": $titlem
    };
Caused: Error in usage of TypeQL.
Caused: [TSV7] Query parsing failed."
580,What are the most common roles in movies released before 1980?,"MATCH (p:Person)-[ai:ACTED_IN]->(m:Movie)
WHERE m.released < 1980
UNWIND ai.roles AS role
RETURN role, count(*) AS frequency
ORDER BY frequency DESC
LIMIT 10",Concept Error: Invalid query answer conversion from '_ConceptRowIterator' to 'ConceptDocumentIterator'.
584,List all movies with exactly 5 roles in the 'ACTED_IN' relationship.,"MATCH (m:Movie)<-[r:ACTED_IN]-(p:Person)
WHERE size(r.roles) = 5
RETURN m.title",size() function is not supported
585,Who are the top 3 producers of movies released before 1990?,"MATCH (p:Person)-[:PRODUCED]->(m:Movie)
WHERE m.released < 1990
WITH p, count(m) AS num_movies
ORDER BY num_movies DESC
LIMIT 3
RETURN p.name AS producer, num_movies",Cannot parse WHERE clause for HAVING: m.released < 1990
589,What are the roles list sizes for each movie Keanu Reeves has acted in?,"MATCH (p:Person {name: 'Keanu Reeves'})-[r:ACTED_IN]->(m:Movie)
RETURN m.title, size(r.roles) AS roleCount",size() function is not supported
591,Who has directed the most movies with a release after 1995?,"MATCH (d:Person)-[:DIRECTED]->(m:Movie)
WHERE m.released > 1995
WITH d, count(m) AS num_movies
RETURN d.name AS director, num_movies
ORDER BY num_movies DESC
LIMIT 1",Cannot parse WHERE clause for HAVING: m.released > 1995
595,What are the first 3 movies with a released year divisible by 10 and votes over 500?,"MATCH (m:Movie)
WHERE m.released % 10 = 0 AND m.votes > 500
RETURN m.title
ORDER BY m.released
LIMIT 3","
[TQL0] [TQL03] TypeQL Error: There is a syntax error
parsing error: expected type_constraint_base, thing_constraint, relation, comparator, list_index, IS, PLUS, MINUS, TIMES, DIVIDE, POWER, or MODULO
Near 4:13:
    match
      $m isa movie;
      $m has released $releasedm;
-->   $releasedm mod 10 = 0;
                 ^
      $m has votes $votesm;
      $votesm > 500;
      $m has title $titlem;
    sort $releasedm asc;
    limit 3;
    fetch {
      ""title"": $titlem
    };
Caused: Error in usage of TypeQL.
Caused: [TSV7] Query parsing failed."
600,Which persons have reviewed the most movies with a rating over 75?,"MATCH (p:Person)-[r:REVIEWED]->(m:Movie)
WHERE r.rating > 75
WITH p, count(r) AS numReviews
ORDER BY numReviews DESC
RETURN p.name AS reviewer, numReviews",Cannot parse WHERE clause for HAVING: r.rating > 75
602,What is the average rating of movies reviewed by persons born after 1970?,"MATCH (p:Person)-[r:REVIEWED]->(m:Movie)
WHERE p.born > 1970
RETURN avg(r.rating) AS average_rating","
[TQL0] [TQL03] TypeQL Error: There is a syntax error
parsing error: expected reducer
Near 7:25:
    match
      $p isa person;
      $m isa movie;
      $r (reviewer: $p, film: $m) isa reviewed, has rating $ratingr;
      $p has born $bornp;
      $bornp > 1970;
--> reduce $average_rating = avg($ratingr);
                             ^
Caused: Error in usage of TypeQL.
Caused: [TSV7] Query parsing failed."
603,Show the first 3 movies with the most complex role lists in the 'ACTED_IN' relationship.,"MATCH (p:Person)-[r:ACTED_IN]->(m:Movie)
RETURN m.title, r.roles
ORDER BY size(r.roles) DESC
LIMIT 3",size() function is not supported
604,Who are the followers of persons who have directed more than 3 movies?,"MATCH (director:Person)-[:DIRECTED]->(movie:Movie)
WITH director, count(movie) AS num_directed_movies
WHERE num_directed_movies > 3
MATCH (follower:Person)-[:FOLLOWS]->(director)
RETURN director.name AS director, follower.name AS follower","
[FER5] The variable 'namefollower' is not available.
Source:
$namefollower
Caused: [REP23] Error building representation of fetch stage.
Caused: [QEX7] Error in provided query."
605,List the top 5 movies by number of roles in the 'ACTED_IN' relationship.,"MATCH (m:Movie)<-[r:ACTED_IN]-(p:Person)
RETURN m.title AS movie, size(r.roles) AS numRoles
ORDER BY numRoles DESC
LIMIT 5",size() function is not supported
606,Which movies have been reviewed with a rating exactly at 75?,"MATCH (m:Movie)<-[r:REVIEWED]-(p:Person)
WHERE r.rating = 75
RETURN m.title, r.rating, r.summary","
[TQL0] [TQL03] TypeQL Error: There is a syntax error
parsing error: expected type_constraint_base, thing_constraint, relation, comparator, list_index, IS, PLUS, MINUS, TIMES, DIVIDE, POWER, or MODULO
Near 5:11:
    match
      $m isa movie;
      $p isa person;
      $r (reviewer: $p, film: $m) isa reviewed, has rating $ratingr, has summary $summaryr;
-->   $ratingr = 75;
               ^
      $m has title $titlem;
    fetch {
      ""title"": $titlem,
      ""rating"": $ratingr,
      ""summary"": $summaryr
    };
Caused: Error in usage of TypeQL.
Caused: [TSV7] Query parsing failed."
610,List all persons who have directed a movie with a released year divisible by 20.,"MATCH (p:Person)-[:DIRECTED]->(m:Movie)
WHERE m.released % 20 = 0
RETURN p.name AS director, m.title AS movie, m.released AS year","
[TQL0] [TQL03] TypeQL Error: There is a syntax error
parsing error: expected type_constraint_base, thing_constraint, relation, comparator, list_index, IS, PLUS, MINUS, TIMES, DIVIDE, POWER, or MODULO
Near 6:13:
    match
      $p isa person;
      $m isa movie;
      (director: $p, film: $m) isa directed;
      $m has released $releasedm;
-->   $releasedm mod 20 = 0;
                 ^
      $p has name $namep;
      $m has title $titlem;
    fetch {
      ""director"": $namep,
      ""movie"": $titlem,
      ""year"": $releasedm
    };
Caused: Error in usage of TypeQL.
Caused: [TSV7] Query parsing failed."
616,What are the roles of Keanu Reeves in movies with a released year divisible by 5?,"MATCH (p:Person {name: 'Keanu Reeves'})-[r:ACTED_IN]->(m:Movie)
WHERE m.released % 5 = 0
RETURN m.title, r.roles","
[TQL0] [TQL03] TypeQL Error: There is a syntax error
parsing error: expected type_constraint_base, thing_constraint, relation, comparator, list_index, IS, PLUS, MINUS, TIMES, DIVIDE, POWER, or MODULO
Near 6:13:
    match
      $p isa person, has name ""Keanu Reeves"";
      $m isa movie;
      $r (actor: $p, film: $m) isa acted_in, has roles $rolesr;
      $m has released $releasedm;
-->   $releasedm mod 5 = 0;
                 ^
      $m has title $titlem;
    fetch {
      ""title"": $titlem,
      ""roles"": $rolesr
    };
Caused: Error in usage of TypeQL.
Caused: [TSV7] Query parsing failed."
618,What are the top 3 shortest role lists in movies reviewed by persons born before 1960?,"MATCH (p:Person)-[:REVIEWED]->(m:Movie)<-[ai:ACTED_IN]-(a:Person)
WHERE p.born < 1960
RETURN m.title, ai.roles
ORDER BY size(ai.roles)
LIMIT 3",size() function is not supported
619,Which movie has the most roles in the 'ACTED_IN' relationship and what are those roles?,"MATCH (m:Movie)<-[r:ACTED_IN]-(p:Person)
WITH m, r
ORDER BY size(r.roles) DESC
LIMIT 1
RETURN m.title AS movie, r.roles AS roles",size() function is not supported
622,Who are the top 3 persons with the most roles in movies they have acted in?,"MATCH (p:Person)-[r:ACTED_IN]->(m:Movie)
WITH p, size(r.roles) AS role_count
ORDER BY role_count DESC
LIMIT 3
RETURN p.name AS person, role_count",size() function is not supported
637,What are the most common roles in the movie 'The Matrix Revolutions'?,"MATCH (p:Person)-[r:ACTED_IN]->(m:Movie {title: 'The Matrix Revolutions'})
UNWIND r.roles AS role
RETURN role, count(*) AS frequency
ORDER BY frequency DESC
LIMIT 5",Concept Error: Invalid query answer conversion from '_ConceptRowIterator' to 'ConceptDocumentIterator'.
639,Who followed the most people born after 1980?,"MATCH (follower:Person)-[:FOLLOWS]->(followed:Person)
WHERE followed.born > 1980
WITH follower, count(followed) AS num_followed
RETURN follower.name AS follower, num_followed
ORDER BY num_followed DESC
LIMIT 1",Cannot parse WHERE clause for HAVING: followed.born > 1980
643,What is the average rating of movies reviewed by people born before 1970?,"MATCH (p:Person)-[r:REVIEWED]->(m:Movie)
WHERE p.born < 1970
RETURN avg(r.rating) AS averageRating","
[TQL0] [TQL03] TypeQL Error: There is a syntax error
parsing error: expected reducer
Near 7:24:
    match
      $p isa person;
      $m isa movie;
      $r (reviewer: $p, film: $m) isa reviewed, has rating $ratingr;
      $p has born $bornp;
      $bornp < 1970;
--> reduce $averageRating = avg($ratingr);
                            ^
Caused: Error in usage of TypeQL.
Caused: [TSV7] Query parsing failed."
646,What are the distinct roles played by Laurence Fishburne across all movies?,"MATCH (p:Person {name: 'Laurence Fishburne'})-[r:ACTED_IN]->(m:Movie)
UNWIND r.roles AS role
RETURN DISTINCT role","
[FER5] The variable 'role' is not available.
Source:
$role
Caused: [REP23] Error building representation of fetch stage.
Caused: [QEX7] Error in provided query."
648,Who has the most roles in a single movie?,"MATCH (p:Person)-[r:ACTED_IN]->(m:Movie)
RETURN p.name AS person, m.title AS movie, size(r.roles) AS num_roles
ORDER BY num_roles DESC
LIMIT 1",size() function is not supported
650,List the actors born after 1980 who have acted in more than one movie.,"MATCH (p:Person)-[:ACTED_IN]->(m:Movie)
WHERE p.born > 1980
WITH p, count(m) AS numMovies
WHERE numMovies > 1
RETURN p.name AS actor, numMovies",Cannot parse WHERE clause for HAVING: p.born > 1980
653,What is the average number of votes for movies released in the 2000s?,"MATCH (m:Movie)
WHERE m.released >= 2000 AND m.released < 2010
RETURN avg(m.votes) AS average_votes","
[TQL0] [TQL03] TypeQL Error: There is a syntax error
parsing error: expected reducer
Near 7:24:
    match
      $m isa movie;
      $m has released $releasedm;
      $releasedm >= 2000;
      $releasedm < 2010;
      $m has votes $votesm;
--> reduce $average_votes = avg($votesm);
                            ^
Caused: Error in usage of TypeQL.
Caused: [TSV7] Query parsing failed."
660,Who are the top 3 actors in terms of the diversity of roles played?,"MATCH (p:Person)-[r:ACTED_IN]->(m:Movie)
WITH p, size(collect(distinct r.roles)) AS num_roles
ORDER BY num_roles DESC
LIMIT 3
RETURN p.name AS actor, num_roles AS number_of_distinct_roles",size() function is not supported
661,Find the people who have followed someone with the same birth year.,"MATCH (p1:Person)-[:FOLLOWS]->(p2:Person)
WHERE p1.born = p2.born
RETURN p1, p2","
[FER21] Encountered multiple mappings for one key ""name"" in a single object.
Source:
{ ""name"": $namep1, ""born"": $bornp1, ""name"": $namep2, ""born"": $bornp2}
Caused: [REP23] Error building representation of fetch stage.
Caused: [QEX7] Error in provided query."
664,What is the average release year of movies reviewed with a rating above 80?,"MATCH (m:Movie)<-[r:REVIEWED]-(p:Person)
WHERE r.rating > 80
RETURN avg(m.released) AS average_release_year","
[TQL0] [TQL03] TypeQL Error: There is a syntax error
parsing error: expected reducer
Near 7:31:
    match
      $m isa movie;
      $p isa person;
      $r (reviewer: $p, film: $m) isa reviewed, has rating $ratingr;
      $ratingr > 80;
      $m has released $releasedm;
--> reduce $average_release_year = avg($releasedm);
                                   ^
Caused: Error in usage of TypeQL.
Caused: [TSV7] Query parsing failed."
667,What are the first 3 movies with the most roles listed?,"MATCH (m:Movie)<-[r:ACTED_IN]-()
RETURN m.title, size(r.roles) AS num_roles
ORDER BY num_roles DESC
LIMIT 3",size() function is not supported
669,Name the top 5 movies with the most diverse cast in terms of roles.,"MATCH (m:Movie)<-[ai:ACTED_IN]-(p:Person)
WITH m, size(collect(distinct ai.roles)) AS role_diversity
RETURN m.title AS movie, role_diversity
ORDER BY role_diversity DESC
LIMIT 5",size() function is not supported
672,Who are the top 3 reviewers by average rating given?,"MATCH (p:Person)-[r:REVIEWED]->(m:Movie)
WITH p, avg(r.rating) AS avg_rating
ORDER BY avg_rating DESC
LIMIT 3
RETURN p.name AS reviewer, avg_rating","
[REP18] The variable 'avg_rating' was not available in the stage.
Caused: [QEX7] Error in provided query.
Near 6:6
-----
      $r (reviewer: $p, film: $m) isa reviewed, has rating $ratingr;
      $p has name $namep;
--> sort $avg_rating desc;
         ^
    limit 3;
    fetch {
-----"
676,Which movies have more than 3 actors listed?,"MATCH (m:Movie)
WHERE size([(p)-[:ACTED_IN]->(m) | p]) > 3
RETURN m.title",size() function is not supported
692,What is the average number of roles per actor in 'The Matrix'?,"MATCH (p:Person)-[r:ACTED_IN]->(m:Movie {title: 'The Matrix'})
RETURN avg(size(r.roles)) AS avg_roles_per_actor",size() function is not supported
696,Who has the highest average review rating?,"MATCH (p:Person)-[r:REVIEWED]->(m:Movie)
WITH p, avg(r.rating) AS avg_rating
RETURN p.name, avg_rating
ORDER BY avg_rating DESC
LIMIT 1","
[REP18] The variable 'avg_rating' was not available in the stage.
Caused: [QEX7] Error in provided query.
Near 6:6
-----
      $r (reviewer: $p, film: $m) isa reviewed, has rating $ratingr;
      $p has name $namep;
--> sort $avg_rating desc;
         ^
    limit 1;
    fetch {
-----"
699,Who are the top 3 actors in terms of movies acted in from 1990 to 2000?,"MATCH (p:Person)-[:ACTED_IN]->(m:Movie)
WHERE m.released >= 1990 AND m.released <= 2000
WITH p, count(m) AS numMovies
ORDER BY numMovies DESC
LIMIT 3
RETURN p.name AS actor, numMovies",Cannot parse WHERE clause for HAVING: m.released >= 1990 AND m.released <= 2000
700,Name the first 3 movies with a released year divisible by 10.,"MATCH (m:Movie)
WHERE m.released % 10 = 0
RETURN m.title
LIMIT 3","
[TQL0] [TQL03] TypeQL Error: There is a syntax error
parsing error: expected type_constraint_base, thing_constraint, relation, comparator, list_index, IS, PLUS, MINUS, TIMES, DIVIDE, POWER, or MODULO
Near 4:13:
    match
      $m isa movie;
      $m has released $releasedm;
-->   $releasedm mod 10 = 0;
                 ^
      $m has title $titlem;
    limit 3;
    fetch {
      ""title"": $titlem
    };
Caused: Error in usage of TypeQL.
Caused: [TSV7] Query parsing failed."
705,Who are the top five people born before 1960 who produced more than one movie?,"MATCH (p:Person)-[:PRODUCED]->(m:Movie)
WHERE p.born < 1960
WITH p, count(m) AS num_movies
WHERE num_movies > 1
RETURN p.name, num_movies
ORDER BY num_movies DESC
LIMIT 5",Cannot parse WHERE clause for HAVING: p.born < 1960
714,"Who are the top five actors with the most diverse range of roles, having acted in at least five different movies?","MATCH (p:Person)-[r:ACTED_IN]->(m:Movie)
WHERE m.title IS NOT NULL
WITH p, size(collect(distinct r.roles)) AS num_roles, count(distinct m) AS num_movies
WHERE num_movies >= 5
RETURN p.name AS actor, num_roles AS number_of_distinct_roles
ORDER BY num_roles DESC
LIMIT 5",size() function is not supported
724,Who are the first three actors who acted in more than three movies with a tagline containing the word 'limit'?,"MATCH (p:Person)-[:ACTED_IN]->(m:Movie)
WHERE m.tagline CONTAINS 'limit'
WITH p, count(m) AS movieCount
WHERE movieCount > 3
RETURN p.name
ORDER BY movieCount DESC
LIMIT 3",Cannot parse WHERE clause for HAVING: m.tagline CONTAINS '
