original_index,question,cypher,typeql,review_reason
0,Which movies were released in 1995?,"MATCH (m:Movie) WHERE m.release_date STARTS WITH '1995' RETURN m.title, m.release_date","match $m isa movie; $m has release_date $release_date; $m has title $title; fetch { ""title"": $title, ""release_date"": $release_date };",Missing date filter for 1995 - TypeQL returns all movies instead of filtering by year
19,Name 3 movies with a release date after 2000.,MATCH (m:Movie) WHERE m.release_date > date('2000-01-01') RETURN m.title LIMIT 3,"match $m isa movie; $m has release_date $release_date; $m has title $title; limit 3; fetch { ""title"": $title };
  $release_date >= 2000-01-01;",Missing date filter - TypeQL returns any 3 movies instead of movies after 2000
21,List the first 3 movies that have a poster path ending in '.jpg'.,MATCH (m:Movie) WHERE m.poster_path IS NOT NULL AND m.poster_path ENDS WITH '.jpg' RETURN m.title LIMIT 3,"match $m isa movie; $m has poster_path $poster_path; $m has title $title; limit 3; fetch { ""title"": $title };",Missing ENDS WITH filter for '.jpg' - TypeQL returns any movies with poster_path
29,Name 3 movies spoken in more than one language.,"MATCH (m:Movie)-[:SPOKEN_IN_LANGUAGE]->(l:Language) WITH m, count(l) AS languageCount WHERE languageCount > 1 RETURN m.title LIMIT 3","match $m isa movie; $l isa language; $rel0 (media: $m, language: $l) isa spoken_in_language; $m has title $title_m; reduce $count = count($l); limit 3; fetch { ""count"": $count };",Wrong output - returns count instead of movie titles; missing filter for count > 1
31,List the first 3 movies with an IMDb ID starting with 'tt'.,"MATCH (m:Movie) WHERE m.imdb_id STARTS WITH 'tt' RETURN m.title, m.imdb_id LIMIT 3","match $m isa movie; $m has imdb_id $imdb_id; $m has title $title; limit 3; fetch { ""title"": $title, ""imdb_id"": $imdb_id };",Missing STARTS WITH filter for 'tt' - TypeQL returns any movies with imdb_id
32,Which movies have been produced in more than one country?,"MATCH (m:Movie)-[:PRODUCED_IN_COUNTRY]->(c:Country) WITH m, count(c) AS num_countries WHERE num_countries > 1 RETURN m.title AS movie, num_countries","match $m isa movie; $c isa country; $rel0 (media: $m, country: $c) isa produced_in_country; $m has title $title_m; reduce $count = count($c); fetch { ""count"": $count };",Wrong output - returns count instead of movie titles; missing filter for count > 1
38,Name 3 movies with a budget of exactly 30 million.,MATCH (m:Movie) WHERE m.budget = 30000000 RETURN m.title LIMIT 3,"match $m isa movie; $m has budget $budget; $m has title $title; limit 3; fetch { ""title"": $title };
  $budget == 30000000;",Missing budget filter for 30000000 - TypeQL returns any 3 movies
50,Display movies that have been released in the 'United States of America'.,MATCH (m:Movie)-[:PRODUCED_IN_COUNTRY]->(c:Country {name: 'United States of America'}) WHERE m.status = 'Released' RETURN m,"match $m isa movie; $c isa country, has country_name 'United States of America'; $rel0 (media: $m, country: $c) isa produced_in_country; $m has status $status_m; $status_m == ""Released"";",Missing fetch clause - query is incomplete
54,Which movies have been rated exactly 5.0 by any user?,MATCH (m:Movie)<-[r:RATED]-(u:User) WHERE r.rating = 5.0 RETURN m.title,"match $m isa movie; $u isa user; $r (rated_media: $m, reviewer: $u) isa rated, has rating $rating; $m has title $title_m; fetch { ""title"": $title_m, ""rating"": $rating };
  $rating == 5.0;",Missing filter for rating = 5.0 - TypeQL returns all rated movies
55,Display all movies that were released in the 1990s.,MATCH (m:Movie) WHERE m.release_date >= date('1990-01-01') AND m.release_date < date('2000-01-01') RETURN m,"match $m isa movie; $m has release_date $release_date;
  $release_date <= 2000-01-01;
  $release_date >= 1990-01-01;",Missing date range filter for 1990s; missing fetch clause
56,List the top 3 movies with the most revenue that were released before the year 2000.,"MATCH (m:Movie) WHERE m.release_date < date('2000-01-01') AND m.revenue IS NOT NULL RETURN m.title, m.revenue ORDER BY m.revenue DESC LIMIT 3","match $m isa movie; $m has release_date $release_date; $m has revenue $revenue; $m has title $title; sort $revenue desc; limit 3; fetch { ""title"": $title, ""revenue"": $revenue };
  $release_date <= 2000-01-01;",Missing date filter for before 2000 - TypeQL returns top 3 regardless of date
59,Which movies have been translated into more than three languages?,"MATCH (m:Movie)-[:SPOKEN_IN_LANGUAGE]->(l:Language) WITH m, count(l) AS languageCount WHERE languageCount > 3 RETURN m.title AS movie, languageCount AS translatedLanguages","match $m isa movie; $l isa language; $rel0 (media: $m, language: $l) isa spoken_in_language; $m has title $title_m; reduce $count = count($l); fetch { ""count"": $count };",Wrong output - returns count instead of movie titles; missing filter for count > 3
61,Find all movies where Tom Hanks is listed first in the cast.,MATCH (p:Person {name: 'Tom Hanks'})-[r:CAST_FOR]->(m:Movie) WHERE r.order = 0 RETURN m,"match $p isa person, has person_name 'Tom Hanks'; $m isa movie; $r (actor: $p, film: $m) isa cast_for;",Missing filter for cast_order = 0; missing fetch clause
62,Which movies are associated with more than one production company?,"MATCH (m:Movie)-[:PRODUCED_BY]->(c:ProductionCompany) WITH m, count(c) AS num_companies WHERE num_companies > 1 RETURN m.title AS movie, num_companies","match $m isa movie; $c isa production_company; $rel0 (media: $m, producer: $c) isa produced_by; $m has title $title_m; reduce $count = count($c); fetch { ""count"": $count };",Wrong output - returns count instead of movie titles; missing filter for count > 1
63,Display the top 5 movies with the highest budget to revenue ratio.,"MATCH (m:Movie) WHERE m.budget IS NOT NULL AND m.revenue IS NOT NULL RETURN m.title, m.budget, m.revenue, m.budget / m.revenue AS budget_revenue_ratio ORDER BY budget_revenue_ratio DESC LIMIT 5","match $m isa movie; $m has budget $budget; $m has revenue $revenue; $m has title $title; limit 5; fetch { ""title"": $title, ""budget"": $budget, ""budget_revenue_ratio"": $revenue };",Missing ratio calculation and sorting; returns revenue as ratio which is incorrect
66,Identify all movies that were produced in a country other than the United States.,"MATCH (m:Movie)-[:PRODUCED_IN_COUNTRY]->(c:Country) WHERE c.name <> 'United States of America' RETURN m.title, c.name","match $m isa movie; $c isa country; $rel0 (media: $m, country: $c) isa produced_in_country; $m has title $title_m; $c has country_name $country_name_c; fetch { ""title"": $title_m, ""name"": $country_name_c };",Missing filter to exclude 'United States of America' - returns all countries
69,"Display movies that have been rated after January 1, 2015.","MATCH (m:Movie)<-[r:RATED]-(u:User) WHERE r.timestamp >= date('2015-01-01') RETURN m.title AS movie, r.rating AS rating, r.timestamp AS rated_at","match $m isa movie; $u isa user; $r (rated_media: $m, reviewer: $u) isa rated, has rating $rating, has timestamp $timestamp; $m has title $title_m; fetch { ""movie"": $title_m, ""rating"": $rating, ""rated_at"": $timestamp };
  $timestamp >= 2015-01-01;",Missing timestamp filter for >= 2015-01-01
70,Which movies have the most keywords associated with them?,"MATCH (m:Movie)-[r:HAS_KEYWORD]->(k:Keyword) RETURN m.title AS movie, count(r) AS num_keywords ORDER BY num_keywords DESC LIMIT 10","match $m isa movie; $k isa keyword; $r (media: $m, keyword: $k) isa has_keyword; $m has title $title_m; reduce $count = count($r);","Missing sort, limit, and fetch with movie title - only returns count"
74,Find all movies that have a runtime of exactly 90 minutes.,MATCH (m:Movie) WHERE m.runtime = 90 RETURN m,"match $m isa movie; $m has runtime $runtime;
  $runtime == 90;",Missing filter for runtime = 90; missing fetch clause
75,Which movies have Tom Hanks credited as a producer?,MATCH (p:Person {name: 'Tom Hanks'})-[r:CREW_FOR {job: 'Producer'}]->(m:Movie) RETURN m.title,"match $p isa person, has person_name 'Tom Hanks'; $m isa movie; $r (crew_member: $p, film: $m) isa crew_for, has job ""Producer""; $m has title $title_m; fetch { ""title"": $title_m };",Missing filter for job = 'Producer' - returns all crew roles for Tom Hanks
81,Which movies have more than three genres associated with them?,"MATCH (m:Movie)-[:IN_GENRE]->(g:Genre) WITH m, count(g) AS genreCount WHERE genreCount > 3 RETURN m.title AS movie, genreCount","match $m isa movie; $g isa genre; $rel0 (media: $m, genre: $g) isa in_genre; $m has title $title_m; reduce $count = count($g); fetch { ""count"": $count };",Wrong output - returns count instead of movie titles; missing filter for count > 3
84,List all movies produced in countries where the primary language is not English.,"MATCH (m:Movie)-[:PRODUCED_IN_COUNTRY]->(c:Country) WHERE NOT EXISTS { (m)-[:ORIGINAL_LANGUAGE]->(:Language {name: 'English'}) } RETURN m.title AS movie, c.name AS country","match $m isa movie; $c isa country; $rel0 (media: $m, country: $c) isa produced_in_country; $m has title $title_m; $c has country_name $country_name_c; fetch { ""movie"": $title_m, ""country"": $country_name_c };",Missing NOT EXISTS filter for English original language
86,Display movies that have a revenue of zero.,"MATCH (m:Movie) WHERE m.revenue = 0 RETURN m.title, m.revenue","match $m isa movie; $m has revenue $revenue; $m has title $title; fetch { ""title"": $title, ""revenue"": $revenue };
  $revenue == 0;",Missing filter for revenue = 0 - returns all movies with revenue
94,Which movies were released after the year 2000?,"MATCH (m:Movie) WHERE m.release_date > date('2000-01-01') RETURN m.title, m.release_date","match $m isa movie; $m has release_date $release_date; $m has title $title; fetch { ""title"": $title, ""release_date"": $release_date };
  $release_date >= 2000-01-01;",Missing date filter for after 2000 - returns all movies
101,Which production companies have produced movies with a budget over 50 million?,MATCH (c:ProductionCompany)-[:PRODUCED_BY]-(m:Movie) WHERE m.budget > 50000000 RETURN DISTINCT c.name AS company,"match $c isa production_company; $m isa movie; $c has production_company_name $production_company_name_c; $m has budget $budget_m; $budget_m > 50000000; fetch { ""company"": $production_company_name_c, ""name"": $production_company_name_c };",Missing relation between production company and movie
116,List the first 5 movies that have been associated with more than one genre.,"MATCH (m:Movie)-[:IN_GENRE]->(g:Genre) WITH m, count(g) AS genreCount WHERE genreCount > 1 RETURN m.title LIMIT 5","match $m isa movie; $g isa genre; $rel0 (media: $m, genre: $g) isa in_genre; $m has title $title_m; reduce $count = count($g); limit 5; fetch { ""count"": $count };",Wrong output - returns count instead of movie titles; missing filter for count > 1
118,Which languages have more than 5 movies spoken in them?,"MATCH (l:Language)<-[:SPOKEN_IN_LANGUAGE]-(m:Movie) WITH l, count(m) AS movieCount WHERE movieCount > 5 RETURN l.name AS language, movieCount","match $l isa language; $m isa movie; $rel0 (language: $l, media: $m) isa spoken_in_language; $l has language_name $language_name_l; reduce $count = count($m); fetch { ""count"": $count };",Wrong output - returns count instead of language names; missing filter for count > 5
126,List the top 3 most controversial adult films based on their overview.,"MATCH (a:Adult) WHERE a.overview IS NOT NULL RETURN a.title, a.overview ORDER BY size(a.overview) DESC LIMIT 3","match $a isa adult; $a has overview $overview; $a has title $title; sort $overview asc; limit 3; fetch { ""title"": $title, ""overview"": $overview };",Wrong sort direction (asc instead of desc) and sorting by string instead of length
128,Which adult films have been released after 2010?,"MATCH (a:Adult) WHERE a.release_date > date('2010-01-01') RETURN a.title, a.release_date","match $a isa adult; $a has release_date $release_date; $a has title $title; fetch { ""title"": $title, ""release_date"": $release_date };
  $release_date >= 2010-01-01;",Missing date filter for after 2010 - returns all adult films
133,List the first 5 subscriptions that expire in 2020.,MATCH (s:Subscription) WHERE s.expiresAt >= date('2020-01-01') AND s.expiresAt < date('2021-01-01') RETURN s LIMIT 5,match $s isa subscription; $s has expires_at $expires_at; limit 5;,Missing date range filter for 2020; missing fetch clause
134,What are the prices of the packages named 'Gold' and 'Platinum'?,"MATCH (p:Package) WHERE p.name IN ['Gold', 'Platinum'] RETURN p.name AS package, p.price AS price","match $p isa package; $p has package_name $package_name; $p has package_price $package_price; fetch { ""package"": $package_name, ""price"": $package_price };",Missing filter for package names 'Gold' and 'Platinum' - returns all packages
138,What are the top 3 movies by vote count that were released in the 1990s?,"MATCH (m:Movie) WHERE m.release_date >= date('1990-01-01') AND m.release_date < date('2000-01-01') RETURN m.title, m.vote_count ORDER BY m.vote_count DESC LIMIT 3","match $m isa movie; $m has release_date $release_date; $m has title $title; $m has vote_count $vote_count; sort $vote_count desc; limit 3; fetch { ""title"": $title, ""vote_count"": $vote_count };
  $release_date <= 2000-01-01;
  $release_date >= 1990-01-01;",Missing date range filter for 1990s
139,Which movies have a revenue greater than their budget?,"MATCH (m:Movie) WHERE m.revenue > m.budget RETURN m.title, m.budget, m.revenue","match $m isa movie; $m has revenue $revenue; $m has budget $budget; $m has title $title; fetch { ""title"": $title, ""budget"": $budget, ""revenue"": $revenue };",Missing comparison filter revenue > budget
143,Which countries have produced more than 10 movies in the database?,"MATCH (c:Country)<-[:PRODUCED_IN_COUNTRY]-(m:Movie) WITH c, count(m) AS num_movies WHERE num_movies > 10 RETURN c.name AS country, num_movies ORDER BY num_movies DESC","match $c isa country; $m isa movie; $rel0 (country: $c, media: $m) isa produced_in_country; $c has country_name $country_name_c; reduce $count = count($m); fetch { ""count"": $count };",Wrong output - returns count instead of country names; missing filter for count > 10; missing sort
145,Which movies have been produced in more than one country?,"MATCH (m:Movie)-[:PRODUCED_IN_COUNTRY]->(c:Country) WITH m, count(c) AS num_countries WHERE num_countries > 1 RETURN m.title AS movie, num_countries","match $m isa movie; $c isa country; $rel0 (media: $m, country: $c) isa produced_in_country; $m has title $title_m; reduce $count = count($c); fetch { ""count"": $count };",Wrong output - returns count instead of movie titles; missing filter for count > 1
146,List the first 5 movies with a poster path ending in '.jpg'.,"MATCH (m:Movie) WHERE m.poster_path IS NOT NULL AND m.poster_path ENDS WITH '.jpg' RETURN m.title, m.poster_path LIMIT 5","match $m isa movie; $m has poster_path $poster_path; $m has title $title; limit 5; fetch { ""title"": $title, ""poster_path"": $poster_path };",Missing ENDS WITH filter for '.jpg'
148,Which movies have been translated into more than three languages?,"MATCH (m:Movie)-[:SPOKEN_IN_LANGUAGE]->(l:Language) WITH m, count(l) AS languageCount WHERE languageCount > 3 RETURN m.title AS movie, languageCount AS translatedLanguages","match $m isa movie; $l isa language; $rel0 (media: $m, language: $l) isa spoken_in_language; $m has title $title_m; reduce $count = count($l); fetch { ""count"": $count };",Wrong output - returns count instead of movie titles; missing filter for count > 3
150,What are the first 3 movies with the highest budget to revenue ratio?,"MATCH (m:Movie) WHERE m.budget IS NOT NULL AND m.revenue IS NOT NULL RETURN m.title, m.budget, m.revenue, m.budget / m.revenue AS ratio ORDER BY ratio DESC LIMIT 3","match $m isa movie; $m has budget $budget; $m has revenue $revenue; $m has title $title; limit 3; fetch { ""title"": $title, ""budget"": $budget, ""ratio"": $revenue };",Missing ratio calculation and sorting; returns revenue as ratio which is incorrect
152,Which production companies have produced movies that are part of a collection?,MATCH (c:Collection)<-[:IN_COLLECTION]-(m:Movie)<-[:PRODUCED_BY]-(p:ProductionCompany) RETURN DISTINCT p.name AS ProductionCompany,"match $c isa collection; $m isa movie; $p isa production_company; $rel0 (collection: $c, media: $m) isa in_collection; $p has production_company_name $production_company_name_p; fetch { ""ProductionCompany"": $production_company_name_p, ""name"": $production_company_name_p };",Missing produced_by relation between movie and production company
154,Which movies have a cast member with the profile path ending in 'jpg'?,MATCH (m:Movie)<-[:CAST_FOR]-(p:Person) WHERE p.profile_path ENDS WITH '.jpg' RETURN m.title,"match $m isa movie; $p isa person; $rel0 (film: $m, actor: $p) isa cast_for; $m has title $title_m; $p has profile_path $profile_path_p; fetch { ""title"": $title_m };",Missing ENDS WITH filter for '.jpg' on profile_path
155,List the first 3 movies with a revenue of zero.,MATCH (m:Movie) WHERE m.revenue = 0 RETURN m.title LIMIT 3,"match $m isa movie; $m has revenue $revenue; $m has title $title; limit 3; fetch { ""title"": $title };
  $revenue == 0;",Missing filter for revenue = 0
162,List the first 3 videos with no revenue reported.,"MATCH (v:Video) WHERE v.revenue IS NULL OR v.revenue = 0 RETURN v.title, v.revenue LIMIT 3","match $v isa video; $v has revenue $revenue; $v has title $title; limit 3; fetch { ""title"": $title, ""revenue"": $revenue };
  $revenue == 0;",Missing filter for revenue = 0 or NULL
168,What are the first 3 videos that have been rated higher than 8.0?,"MATCH (v:Video)<-[r:RATED]-(u:User) WHERE r.rating > 8.0 RETURN v.title, r.rating ORDER BY r.rating DESC LIMIT 3","match $v isa video; $u isa user; $r (rated_media: $v, reviewer: $u) isa rated, has rating $rating; $v has title $title_v; limit 3; fetch { ""title"": $title_v, ""rating"": $rating };
  $rating > 8.0;",Missing filter for rating > 8.0; missing sort
171,What are the top 3 most budget-efficient adult films (highest revenue to budget ratio)?,"MATCH (a:Adult) WHERE a.budget IS NOT NULL AND a.revenue IS NOT NULL RETURN a.title, a.revenue / a.budget AS efficiency ORDER BY efficiency DESC LIMIT 3","match $a isa adult; $a has budget $budget; $a has revenue $revenue; $a has title $title; limit 3; fetch { ""title"": $title, ""revenue"": $revenue, ""efficiency"": $budget };",Missing ratio calculation and sorting; returns budget as efficiency which is incorrect
174,List the top 3 movies released in the United States of America.,"MATCH (m:Movie)-[:PRODUCED_IN_COUNTRY]->(:Country {name: 'United States of America'}) RETURN m.title, m.release_date, m.popularity ORDER BY m.popularity DESC LIMIT 3","match $m isa movie; $country isa country, has country_name 'United States of America'; (media: $m, country: $country) isa produced_in_country; $m has title $title; $m has release_date $release_date; $m has popularity $popularity; sort $popularity desc; limit 3; fetch { ""title"": $title, ""release_date"": $release_date, ""popularity"": $popularity };",Missing relation to filter by country 'United States of America'
178,What are the first 5 movies rated by user with ID 1?,"MATCH (u:User {id: 1})-[r:RATED]->(m:Movie) RETURN m.title, r.rating ORDER BY r.timestamp LIMIT 5","match $u isa user, has user_id 1; $m isa movie; $r (reviewer: $u, rated_media: $m) isa rated, has rating $rating; $m has title $title_m; limit 5; fetch { ""title"": $title_m, ""rating"": $rating };",Missing sort by timestamp
180,Which 3 highest budget movies were released after 2000?,"MATCH (m:Movie) WHERE m.release_date > date('2000-01-01') AND m.budget IS NOT NULL RETURN m.title, m.budget ORDER BY m.budget DESC LIMIT 3","match $m isa movie; $m has release_date $release_date; $m has budget $budget; $m has title $title; sort $budget desc; limit 3; fetch { ""title"": $title, ""budget"": $budget };
  $release_date >= 2000-01-01;",Missing date filter for after 2000
183,List the first 3 movies directed by a person with gender 2.,MATCH (p:Person {gender: 2})-[:CREW_FOR {job: 'Director'}]->(m:Movie) RETURN m.title LIMIT 3,"match $p isa person, has gender 2; $m isa movie; $rel0 (crew_member: $p, film: $m) isa crew_for, has job ""Director""; $m has title $title_m; limit 3; fetch { ""title"": $title_m };",Missing filter for job = 'Director'
191,What are the top 5 movies that premiered in the last quarter of any year?,"MATCH (m:Movie) WHERE m.release_date IS NOT NULL AND m.release_date.month >= 10 RETURN m.title, m.release_date ORDER BY m.popularity DESC LIMIT 5","match $m isa movie; $m has release_date $release_date; $m has title $title; $m has popularity $popularity; sort $popularity desc; limit 5; fetch { ""title"": $title, ""release_date"": $release_date };",Missing filter for month >= 10 (last quarter)
192,Find the first 3 movies that feature both English and Spanish languages.,MATCH (m:Movie)-[:SPOKEN_IN_LANGUAGE]->(l1:Language {name: 'English'}) WHERE EXISTS { (m)-[:SPOKEN_IN_LANGUAGE]->(:Language {name: 'Spanish'}) } RETURN m.title LIMIT 3,"match $m isa movie; $l1 isa language, has language_name 'English'; $rel0 (media: $m, language: $l1) isa spoken_in_language; $m has title $title_m; limit 3; fetch { ""title"": $title_m };",Missing EXISTS check for Spanish language
195,What are the top 5 movies with a tagline containing the word 'adventure'?,"MATCH (m:Movie) WHERE toLower(m.tagline) CONTAINS 'adventure' RETURN m.title, m.tagline ORDER BY m.popularity DESC LIMIT 5","match $m isa movie; $m has tagline $tagline; $m has title $title; $m has popularity $popularity; sort $popularity desc; limit 5; fetch { ""title"": $title, ""tagline"": $tagline };",Missing CONTAINS filter for 'adventure'
197,Show the first 5 movies that were originally titled differently from their English title.,"MATCH (m:Movie) WHERE m.title <> m.original_title RETURN m.title AS title, m.original_title AS original_title LIMIT 5","match $m isa movie; $m has title $title; $m has original_title $original_title; limit 5; fetch { ""title"": $title, ""original_title"": $original_title };",Missing filter for title != original_title
199,What are the first 5 movies that have no revenue recorded?,MATCH (m:Movie) WHERE m.revenue IS NULL RETURN m.title LIMIT 5,"match $m isa movie; $m has revenue $revenue; $m has title $title; limit 5; fetch { ""title"": $title };",Logic error - having revenue attribute means revenue IS NOT NULL
201,Show the top 3 movies that have been reviewed most recently by any user.,"MATCH (m:Movie)<-[r:RATED]-(u:User) RETURN m.title AS movie, r.timestamp AS reviewedAt ORDER BY r.timestamp DESC LIMIT 3","match $m isa movie; $u isa user; $r (rated_media: $m, reviewer: $u) isa rated, has timestamp $timestamp; $m has title $title_m; limit 3; fetch { ""movie"": $title_m, ""reviewedAt"": $timestamp };",Missing sort by timestamp desc
217,What are the first 5 movies with a release date on a weekend?,"MATCH (m:Movie) WHERE date(m.release_date).dayOfWeek IN [5, 6, 7] RETURN m.title, m.release_date ORDER BY m.release_date LIMIT 5","match $m isa movie; $m has release_date $release_date; $m has title $title; sort $release_date asc; limit 5; fetch { ""title"": $title, ""release_date"": $release_date };",Missing weekend day filter
223,Show the first 5 movies that have a character named 'Charlie Wilson' in their cast.,MATCH (m:Movie)<-[:CAST_FOR]-(p:Person) WHERE p.name = 'Tom Hanks' AND exists{ (p)-[:CAST_FOR {character: 'Charlie Wilson'}]->(m) } RETURN m.title LIMIT 5,"match $m isa movie; $p isa person; $rel0 (actor: $p, film: $m) isa cast_for; $rel1 (film: $m, actor: $p) isa cast_for; $m has title $title_m; $p has person_name $person_name_p; $person_name_p == ""Tom Hanks""; limit 5; fetch { ""title"": $title_m };",Wrong filter - should filter by character 'Charlie Wilson' not person name 'Tom Hanks'
229,What are the top 5 movies that have undergone a title change after release?,"MATCH (m:Movie) WHERE m.title <> m.original_title RETURN m.title AS title, m.original_title AS original_title ORDER BY m.popularity DESC LIMIT 5","match $m isa movie; $m has title $title; $m has original_title $original_title; $m has popularity $popularity; sort $popularity desc; limit 5; fetch { ""title"": $title, ""original_title"": $original_title };",Missing filter for title != original_title
230,Which 3 movies have the highest discrepancy between budget and revenue?,"MATCH (m:Movie) WHERE m.budget IS NOT NULL AND m.revenue IS NOT NULL RETURN m.title, m.budget, m.revenue, m.revenue - m.budget AS profit ORDER BY profit DESC LIMIT 3","match $m isa movie; $m has budget $budget; $m has revenue $revenue; $m has title $title; limit 3; fetch { ""title"": $title, ""profit"": $budget, ""revenue"": $revenue };",Missing profit calculation and sorting; returns budget as profit which is incorrect
231,Show the first 5 movies where the original language is not English but have English as a spoken language.,MATCH (m:Movie)-[:ORIGINAL_LANGUAGE]->(ol:Language) WHERE ol.name <> 'English' AND EXISTS { (m)-[:SPOKEN_IN_LANGUAGE]->(:Language {name: 'English'}) } RETURN m.title LIMIT 5,"match $m isa movie; $ol isa language; $rel0 (media: $m, language: $ol) isa original_language; $m has title $title_m; $ol has language_name $language_name_ol; limit 5; fetch { ""title"": $title_m };",Missing filters for original language != English AND spoken language includes English
232,List the top 3 highest grossing movies in the genre 'Action'.,"MATCH (m:Movie)-[:IN_GENRE]->(:Genre {name: 'Action'}) RETURN m.title, m.revenue ORDER BY m.revenue DESC LIMIT 3","match $m isa movie; $m has title $title; $m has revenue $revenue; sort $revenue desc; limit 3; fetch { ""title"": $title, ""revenue"": $revenue };
  $genre isa genre, has genre_name 'Action';
  (media: $m, genre: $genre) isa in_genre;",Missing relation to filter by genre 'Action'
233,What are the first 5 movies that have a character played by a person with gender 1?,MATCH (p:Person)-[c:CAST_FOR]->(m:Movie) WHERE p.gender = 1 RETURN m.title LIMIT 5,"match $p isa person; $m isa movie; $c (actor: $p, film: $m) isa cast_for; $p has gender $gender_p; $m has title $title_m; limit 5; fetch { ""title"": $title_m };
  $gender_p == 1;",Missing filter for gender = 1
240,Which 3 adult films have been released during a leap year?,MATCH (a:Adult) WHERE a.release_date IS NOT NULL AND date(a.release_date).year % 4 = 0 AND date(a.release_date).month = 2 AND date(a.release_date).day = 29 RETURN a.title LIMIT 3,"match $a isa adult; $a has release_date $release_date; $a has title $title; limit 3; fetch { ""title"": $title };",Missing leap year date filter
244,Which 3 adult films have the lowest average votes but were produced in 'United States of America'?,"MATCH (a:Adult)-[:PRODUCED_IN_COUNTRY]->(:Country {name: 'United States of America'}) RETURN a.title, a.average_vote ORDER BY a.average_vote LIMIT 3","match $a isa adult; $country isa country, has country_name 'United States of America'; (media: $a, country: $country) isa produced_in_country; $a has title $title; $a has average_vote $average_vote; sort $average_vote asc; limit 3; fetch { ""title"": $title, ""average_vote"": $average_vote };",Missing relation to filter by country 'United States of America'
245,Show the first 5 adult films based on their IMDB ID starting with 'tt007'.,"MATCH (a:Adult) WHERE a.imdb_id STARTS WITH 'tt007' RETURN a.title, a.imdb_id ORDER BY a.imdb_id LIMIT 5","match $a isa adult; $a has imdb_id $imdb_id; $a has title $title; sort $imdb_id asc; limit 5; fetch { ""title"": $title, ""imdb_id"": $imdb_id };",Missing STARTS WITH filter for 'tt007'
248,List the first 3 movies released after 2010.,"MATCH (m:Movie) WHERE m.release_date > date('2010-01-01') RETURN m.title, m.release_date ORDER BY m.release_date LIMIT 3","match $m isa movie; $m has release_date $release_date; $m has title $title; sort $release_date asc; limit 3; fetch { ""title"": $title, ""release_date"": $release_date };
  $release_date >= 2010-01-01;",Missing date filter for after 2010
255,What are the first 3 movies with the most characters in their overview?,"MATCH (m:Movie) WHERE m.overview IS NOT NULL RETURN m.title, m.overview ORDER BY size(m.overview) DESC LIMIT 3","match $m isa movie; $m has overview $overview; $m has title $title; sort $overview asc; limit 3; fetch { ""title"": $title, ""overview"": $overview };","Wrong sort - should sort by length desc, not by string asc"
266,Name the top 5 movies with the most budget to revenue ratio.,"MATCH (m:Movie) WHERE m.budget IS NOT NULL AND m.revenue IS NOT NULL RETURN m.title, m.budget, m.revenue, m.budget / m.revenue AS ratio ORDER BY ratio DESC LIMIT 5","match $m isa movie; $m has budget $budget; $m has revenue $revenue; $m has title $title; limit 5; fetch { ""title"": $title, ""budget"": $budget, ""ratio"": $revenue };",Missing ratio calculation and sorting; returns revenue as ratio which is incorrect
269,What are the first 3 movies that are not part of any collection?,MATCH (m:Movie) WHERE NOT EXISTS {(m)-[:IN_COLLECTION]->(:Collection)} RETURN m.title LIMIT 3,"match $m isa movie; $m has title $title; limit 3; fetch { ""title"": $title };",Missing NOT EXISTS filter for collection
271,Which 3 movies have the most revenue among those released in the 1990s?,"MATCH (m:Movie) WHERE m.release_date >= date('1990-01-01') AND m.release_date < date('2000-01-01') AND m.revenue IS NOT NULL RETURN m.title, m.revenue ORDER BY m.revenue DESC LIMIT 3","match $m isa movie; $m has release_date $release_date; $m has revenue $revenue; $m has title $title; sort $revenue desc; limit 3; fetch { ""title"": $title, ""revenue"": $revenue };
  $release_date <= 2000-01-01;
  $release_date >= 1990-01-01;",Missing date range filter for 1990s
272,Name the top 5 movies with a tagline containing the word 'love'.,MATCH (m:Movie) WHERE toLower(m.tagline) CONTAINS 'love' RETURN m.title ORDER BY m.popularity DESC LIMIT 5,"match $m isa movie; $m has tagline $tagline; $m has title $title; $m has popularity $popularity; sort $popularity desc; limit 5; fetch { ""title"": $title };",Missing CONTAINS filter for 'love'
276,What are the first 3 languages spoken in movies with a budget over $50 million?,MATCH (m:Movie)-[:SPOKEN_IN_LANGUAGE]->(l:Language) WHERE m.budget > 50000000 RETURN l.name AS language ORDER BY language LIMIT 3,"match $m isa movie; $l isa language; $rel0 (media: $m, language: $l) isa spoken_in_language; $m has budget $budget_m; $l has language_name $language_name_l; $budget_m > 50000000; limit 3; fetch { ""language"": $language_name_l };",Missing sort by language name
286,Name the top 5 adult videos that were produced in Italy.,MATCH (a:Adult)-[:PRODUCED_IN_COUNTRY]->(:Country {name: 'Italy'}) RETURN a.title ORDER BY a.popularity DESC LIMIT 5,"match $a isa adult; $country isa country, has country_name 'Italy'; (media: $a, country: $country) isa produced_in_country; $a has title $title; $a has popularity $popularity; sort $popularity desc; limit 5; fetch { ""title"": $title };",Missing relation to filter by country 'Italy'
287,What are the first 3 adult videos not produced in any country listed?,MATCH (a:Adult) WHERE NOT EXISTS { (a)-[:PRODUCED_IN_COUNTRY]->(:Country) } RETURN a.title LIMIT 3,"match $a isa adult; $a has title $title; limit 3; fetch { ""title"": $title };",Missing NOT EXISTS filter for country
317,List the first 3 movies produced in the United States.,MATCH (m:Movie)-[:PRODUCED_IN_COUNTRY]->(:Country {name: 'United States of America'}) RETURN m.title LIMIT 3,"match $m isa movie; $country isa country, has country_name 'United States of America'; (media: $m, country: $country) isa produced_in_country; $m has title $title; limit 3; fetch { ""title"": $title };",Missing relation to filter by country 'United States of America'
320,What are the first 3 movies directed by a person named 'John Doe'?,MATCH (p:Person {name: 'John Doe'})-[:CREW_FOR {job: 'Director'}]->(m:Movie) RETURN m.title LIMIT 3,"match $p isa person, has person_name 'John Doe'; $m isa movie; $rel0 (crew_member: $p, film: $m) isa crew_for, has job ""Director""; $m has title $title_m; limit 3; fetch { ""title"": $title_m };",Missing filter for job = 'Director'
321,Name the top 5 movies that were released after 2010 and have a budget over 100 million USD.,"MATCH (m:Movie) WHERE m.release_date > date('2010-01-01') AND m.budget > 100000000 RETURN m.title, m.budget, m.release_date ORDER BY m.budget DESC LIMIT 5","match $m isa movie; $m has release_date $release_date; $m has budget $budget; $m has title $title; $budget > 100000000; sort $budget desc; limit 5; fetch { ""title"": $title, ""budget"": $budget, ""release_date"": $release_date };
  $release_date >= 2010-01-01;",Missing date filter for after 2010
329,Name the top 5 persons who have played the character 'Woody' in any movie.,MATCH (p:Person)-[r:CAST_FOR]->(m:Movie) WHERE r.character = 'Woody' RETURN p.name ORDER BY m.popularity DESC LIMIT 5,"match $p isa person; $m isa movie; $r (actor: $p, film: $m) isa cast_for, has character $character; $p has person_name $person_name_p; $m has popularity $popularity_m; sort $popularity_m desc; limit 5; fetch { ""name"": $person_name_p, ""character"": $character };
  $character == ""Woody"";",Missing filter for character = 'Woody'
334,Which 3 movies have Tom Hanks as a cast member and have been released after 1995?,MATCH (p:Person {name: 'Tom Hanks'})-[:CAST_FOR]->(m:Movie) WHERE m.release_date > date('1995-01-01') RETURN m.title LIMIT 3,"match $p isa person, has person_name 'Tom Hanks'; $m isa movie; $rel0 (actor: $p, film: $m) isa cast_for; $m has release_date $release_date_m; $m has title $title_m; limit 3; fetch { ""title"": $title_m };
  $release_date_m >= 1995-01-01;",Missing date filter for after 1995
338,List the top 5 movies that have been rated 10 by any user.,"MATCH (m:Movie)<-[r:RATED]-(u:User) WHERE r.rating = 10 RETURN m.title, m.release_date, m.popularity ORDER BY m.popularity DESC LIMIT 5","match $m isa movie; $u isa user; $r (rated_media: $m, reviewer: $u) isa rated, has rating $rating; $m has title $title_m; $m has release_date $release_date_m; $m has popularity $popularity_m; sort $popularity_m desc; limit 5; fetch { ""title"": $title_m, ""release_date"": $release_date_m, ""popularity"": $popularity_m, ""rating"": $rating };
  $rating == 10;",Missing filter for rating = 10
344,What are the first 3 production companies that produced videos with zero revenue?,MATCH (v:Video)-[:PRODUCED_BY]->(c:ProductionCompany) WHERE v.revenue = 0 RETURN DISTINCT c.name LIMIT 3,"match $v isa video; $c isa production_company; $rel0 (media: $v, producer: $c) isa produced_by; $v has revenue $revenue_v; $c has production_company_name $production_company_name_c; limit 3; fetch { ""name"": $production_company_name_c };
  $revenue_v == 0;",Missing filter for revenue = 0
347,Name the top 5 most popular movies released before 2000.,"MATCH (m:Movie) WHERE m.release_date < date('2000-01-01') RETURN m.title, m.popularity ORDER BY m.popularity DESC LIMIT 5","match $m isa movie; $m has release_date $release_date; $m has title $title; $m has popularity $popularity; sort $popularity desc; limit 5; fetch { ""title"": $title, ""popularity"": $popularity };
  $release_date <= 2000-01-01;",Missing date filter for before 2000
354,"List the top 5 highest grossing movies that have been released on or after January 1, 2000.","MATCH (m:Movie) WHERE m.release_date >= date('2000-01-01') AND m.revenue IS NOT NULL RETURN m.title, m.revenue ORDER BY m.revenue DESC LIMIT 5","match $m isa movie; $m has release_date $release_date; $m has revenue $revenue; $m has title $title; sort $revenue desc; limit 5; fetch { ""title"": $title, ""revenue"": $revenue };
  $release_date >= 2000-01-01;",Missing date filter for >= 2000
355,Which 3 movies have an average vote less than 5 and have been produced in the country with ID 'US'?,MATCH (m:Movie)-[:PRODUCED_IN_COUNTRY]->(:Country {id: 'US'}) WHERE m.average_vote < 5 RETURN m.title LIMIT 3,"match $m isa movie; $country isa country, has country_name 'US'; (media: $m, country: $country) isa produced_in_country; $m has average_vote $average_vote; $m has title $title; $average_vote < 5; limit 3; fetch { ""title"": $title };",Missing relation to filter by country 'US'
356,List the first 3 persons who have directed a movie with a budget over 150 million USD.,MATCH (p:Person)-[:CREW_FOR {job: 'Director'}]->(m:Movie) WHERE m.budget > 150000000 RETURN p.name LIMIT 3,"match $p isa person; $m isa movie; $rel0 (crew_member: $p, film: $m) isa crew_for, has job ""Director""; $p has person_name $person_name_p; $m has budget $budget_m; $budget_m > 150000000; limit 3; fetch { ""name"": $person_name_p };",Missing filter for job = 'Director'
365,Which 3 persons have the most crew credits in movies released after 2010?,"MATCH (p:Person)-[c:CREW_FOR]->(m:Movie) WHERE m.release_date > date('2010-01-01') WITH p, count(c) AS crewCount ORDER BY crewCount DESC LIMIT 3 RETURN p.name AS person, crewCount","match $p isa person; $m isa movie; $c (crew_member: $p, film: $m) isa crew_for; $p has person_name $person_name_p; $m has release_date $release_date_m; reduce $count = count($c); sort $count desc; limit 3; fetch { ""count"": $count };
  $release_date_m >= 2010-01-01;",Missing date filter for after 2010; wrong output - returns count instead of person names
367,What are the first 3 movies with the genre 'Drama' that have a budget less than 10 million USD?,MATCH (m:Movie)-[:IN_GENRE]->(:Genre {name: 'Drama'}) WHERE m.budget < 10000000 RETURN m.title LIMIT 3,"match $m isa movie; $m has budget $budget; $m has title $title; $budget < 10000000; limit 3; fetch { ""title"": $title };
  $genre isa genre, has genre_name 'Drama';
  (media: $m, genre: $genre) isa in_genre;",Missing relation to filter by genre 'Drama'
368,List the top 5 movies where the revenue exceeded the budget by over 100 million USD.,"MATCH (m:Movie) WHERE m.revenue - m.budget > 100000000 RETURN m.title, m.revenue, m.budget ORDER BY m.revenue - m.budget DESC LIMIT 5","match $m isa movie; $m has revenue $revenue; $m has budget $budget; $m has title $title; $budget > 100000000; sort $revenue asc, $budget desc; limit 5; fetch { ""title"": $title, ""revenue"": $revenue, ""budget"": $budget };",Wrong filter - filters budget > 100M instead of (revenue - budget) > 100M; wrong sort
370,List the first 3 persons who have worked as producers in more than 5 movies.,"MATCH (p:Person)-[:CREW_FOR {job: 'Producer'}]->(m:Movie) WITH p, count(m) AS num_movies WHERE num_movies > 5 RETURN p.name ORDER BY num_movies DESC LIMIT 3","match $p isa person; $m isa movie; $rel0 (crew_member: $p, film: $m) isa crew_for, has job ""Producer""; $p has person_name $person_name_p; reduce $count = count($m); limit 3; fetch { ""count"": $count };",Missing filter for job = 'Producer' and count > 5; wrong output
375,List the first 3 adult films that were released in the year 2000 or later.,"MATCH (a:Adult) WHERE a.release_date >= date('2000-01-01') RETURN a.title, a.release_date ORDER BY a.release_date LIMIT 3","match $a isa adult; $a has release_date $release_date; $a has title $title; sort $release_date asc; limit 3; fetch { ""title"": $title, ""release_date"": $release_date };
  $release_date >= 2000-01-01;",Missing date filter for >= 2000
376,Name the top 5 movies that have an IMDb ID starting with 'tt'.,MATCH (m:Movie) WHERE m.imdb_id STARTS WITH 'tt' RETURN m.title ORDER BY m.popularity DESC LIMIT 5,"match $m isa movie; $m has imdb_id $imdb_id; $m has title $title; $m has popularity $popularity; sort $popularity desc; limit 5; fetch { ""title"": $title };",Missing STARTS WITH filter for 'tt'
377,What are the first 3 movies that have been rated by the user with ID '1'?,MATCH (u:User {id: 1})-[r:RATED]->(m:Movie) RETURN m.title ORDER BY r.timestamp LIMIT 3,"match $u isa user, has user_id 1; $m isa movie; $r (reviewer: $u, rated_media: $m) isa rated; $m has title $title_m; limit 3; fetch { ""title"": $title_m };",Missing sort by timestamp
378,"List the top 5 movies with a release date on or before December 31, 1990.","MATCH (m:Movie) WHERE m.release_date <= date('1990-12-31') RETURN m.title, m.release_date ORDER BY m.release_date DESC LIMIT 5","match $m isa movie; $m has release_date $release_date; $m has title $title; sort $release_date desc; limit 5; fetch { ""title"": $title, ""release_date"": $release_date };
  $release_date <= 1990-12-31;",Missing date filter for <= 1990-12-31
381,What are the first 3 movies that have a budget exactly 50 million USD?,MATCH (m:Movie) WHERE m.budget = 50000000 RETURN m.title LIMIT 3,"match $m isa movie; $m has budget $budget; $m has title $title; limit 3; fetch { ""title"": $title };
  $budget == 50000000;",Missing filter for budget = 50000000
383,Which 3 movies have an average vote greater than 8 and have been produced in 'France'?,MATCH (m:Movie)-[:PRODUCED_IN_COUNTRY]->(:Country {name: 'France'}) WHERE m.average_vote > 8 RETURN m.title LIMIT 3,"match $m isa movie; $country isa country, has country_name 'France'; (media: $m, country: $country) isa produced_in_country; $m has average_vote $average_vote; $m has title $title; $average_vote > 8; limit 3; fetch { ""title"": $title };",Missing relation to filter by country 'France'
384,List the top 5 movies that have a runtime exactly 90 minutes.,"MATCH (m:Movie) WHERE m.runtime = 90 RETURN m.title, m.runtime ORDER BY m.popularity DESC LIMIT 5","match $m isa movie; $m has runtime $runtime; $m has title $title; $m has popularity $popularity; sort $popularity desc; limit 5; fetch { ""title"": $title, ""runtime"": $runtime };
  $runtime == 90;",Missing filter for runtime = 90
385,Name the top 5 videos that were released in the year 2010 or later.,MATCH (v:Video) WHERE v.release_date >= date('2010-01-01') RETURN v.title ORDER BY v.popularity DESC LIMIT 5,"match $v isa video; $v has release_date $release_date; $v has title $title; $v has popularity $popularity; sort $popularity desc; limit 5; fetch { ""title"": $title };
  $release_date >= 2010-01-01;",Missing date filter for >= 2010
397,List the top 5 movies released in the 1990s.,"MATCH (m:Movie) WHERE m.release_date >= date('1990-01-01') AND m.release_date < date('2000-01-01') RETURN m.title, m.release_date ORDER BY m.popularity DESC LIMIT 5","match $m isa movie; $m has release_date $release_date; $m has title $title; $m has popularity $popularity; sort $popularity desc; limit 5; fetch { ""title"": $title, ""release_date"": $release_date };
  $release_date <= 2000-01-01;
  $release_date >= 1990-01-01;",Missing date range filter for 1990s
404,What are the names of the top 3 most popular movies released before 2000?,"MATCH (m:Movie) WHERE m.release_date < date('2000-01-01') RETURN m.title AS movie, m.popularity AS popularity ORDER BY m.popularity DESC LIMIT 3","match $m isa movie; $m has release_date $release_date; $m has title $title; $m has popularity $popularity; sort $popularity desc; limit 3; fetch { ""movie"": $title, ""popularity"": $popularity };
  $release_date <= 2000-01-01;",Missing date filter for before 2000
406,What are the first 5 production companies producing films in the 'Animation' genre?,MATCH (g:Genre {name: 'Animation'})<-[:IN_GENRE]-(m:Movie)<-[:PRODUCED_BY]-(c:ProductionCompany) RETURN c.name AS company ORDER BY company LIMIT 5,"match $g isa genre, has genre_name 'Animation'; $m isa movie; $c isa production_company; $rel0 (genre: $g, media: $m) isa in_genre; $c has production_company_name $production_company_name_c; limit 5; fetch { ""company"": $production_company_name_c };",Missing produced_by relation between movie and production company; missing sort
413,What are the top 3 highest-grossing movies directed by a person named 'Tom Hanks'?,"MATCH (p:Person {name: 'Tom Hanks'})-[:CREW_FOR {job: 'Director'}]->(m:Movie) RETURN m.title AS movie, m.revenue AS revenue ORDER BY revenue DESC LIMIT 3","match $p isa person, has person_name 'Tom Hanks'; $m isa movie; $rel0 (crew_member: $p, film: $m) isa crew_for, has job ""Director""; $m has title $title_m; $m has revenue $revenue_m; limit 3; fetch { ""movie"": $title_m, ""revenue"": $revenue_m };",Missing filter for job = 'Director'; missing sort by revenue
421,What are the first 5 actors who have starred in both a movie and an adult film?,MATCH (p:Person)-[:CAST_FOR]->(m:Movie) WHERE EXISTS { (p)-[:CAST_FOR]->(:Adult) } RETURN p.name LIMIT 5,"match $p isa person; $m isa movie; $rel0 (actor: $p, film: $m) isa cast_for; $p has person_name $person_name_p; limit 5; fetch { ""name"": $person_name_p };",Missing EXISTS check for adult film cast
424,Name the first 5 movies that have a poster path ending in '.jpg'.,MATCH (m:Movie) WHERE m.poster_path IS NOT NULL AND m.poster_path ENDS WITH '.jpg' RETURN m.title LIMIT 5,"match $m isa movie; $m has poster_path $poster_path; $m has title $title; limit 5; fetch { ""title"": $title };",Missing ENDS WITH filter for '.jpg'
426,Which 3 movies have the highest revenue and were released in the 'United States of America'?,"MATCH (m:Movie)-[:PRODUCED_IN_COUNTRY]->(:Country {name: 'United States of America'}) RETURN m.title, m.revenue ORDER BY m.revenue DESC LIMIT 3","match $m isa movie; $country isa country, has country_name 'United States of America'; (media: $m, country: $country) isa produced_in_country; $m has title $title; $m has revenue $revenue; sort $revenue desc; limit 3; fetch { ""title"": $title, ""revenue"": $revenue };",Missing relation to filter by country 'United States of America'
427,List the first 5 movies that are part of a collection and have a revenue greater than 100 million dollars.,"MATCH (m:Movie)-[:IN_COLLECTION]->(:Collection) WHERE m.revenue > 100000000 RETURN m.title, m.revenue ORDER BY m.revenue DESC LIMIT 5","match $m isa movie; $collection isa collection; (media: $m, collection: $collection) isa in_collection; $m has revenue $revenue; $m has title $title; $revenue > 100000000; sort $revenue desc; limit 5; fetch { ""title"": $title, ""revenue"": $revenue };",Missing in_collection relation
433,Which 3 movies have the longest runtime and were released after 2000?,"MATCH (m:Movie) WHERE m.release_date > date('2000-01-01') AND m.runtime IS NOT NULL RETURN m.title, m.runtime ORDER BY m.runtime DESC LIMIT 3","match $m isa movie; $m has release_date $release_date; $m has runtime $runtime; $m has title $title; sort $runtime desc; limit 3; fetch { ""title"": $title, ""runtime"": $runtime };
  $release_date >= 2000-01-01;",Missing date filter for after 2000
438,List the first 5 movies that were produced in the country 'United States of America' and have a revenue over 50 million dollars.,"MATCH (m:Movie)-[:PRODUCED_IN_COUNTRY]->(:Country {name: 'United States of America'}) WHERE m.revenue > 50000000 RETURN m.title, m.revenue LIMIT 5","match $m isa movie; $country isa country, has country_name 'United States of America'; (media: $m, country: $country) isa produced_in_country; $m has revenue $revenue; $m has title $title; $revenue > 50000000; limit 5; fetch { ""title"": $title, ""revenue"": $revenue };",Missing relation to filter by country 'United States of America'
442,List the top 5 movies that have a runtime longer than 150 minutes and were released before 2010.,"MATCH (m:Movie) WHERE m.runtime > 150 AND m.release_date < date('2010-01-01') RETURN m.title, m.runtime, m.release_date ORDER BY m.runtime DESC LIMIT 5","match $m isa movie; $m has runtime $runtime; $m has release_date $release_date; $m has title $title; $runtime > 150; sort $runtime desc; limit 5; fetch { ""title"": $title, ""runtime"": $runtime, ""release_date"": $release_date };
  $release_date <= 2010-01-01;",Missing date filter for before 2010
444,Which 3 movies have the highest popularity and were released in the last 5 years?,"MATCH (m:Movie) WHERE m.release_date >= date() - duration('P5Y') RETURN m.title, m.popularity ORDER BY m.popularity DESC LIMIT 3","match $m isa movie; $m has release_date $release_date; $m has title $title; $m has popularity $popularity; sort $popularity desc; limit 3; fetch { ""title"": $title, ""popularity"": $popularity };",Missing date filter for last 5 years
447,What are the 3 most popular movies in the genre 'Comedy'?,"MATCH (m:Movie)-[:IN_GENRE]->(:Genre {name: 'Comedy'}) RETURN m.title, m.popularity ORDER BY m.popularity DESC LIMIT 3","match $m isa movie; $m has title $title; $m has popularity $popularity; sort $popularity desc; limit 3; fetch { ""title"": $title, ""popularity"": $popularity };
  $genre isa genre, has genre_name 'Comedy';
  (media: $m, genre: $genre) isa in_genre;",Missing relation to filter by genre 'Comedy'
449,List the first 5 movies that have a tagline and were released after 2010.,"MATCH (m:Movie) WHERE m.tagline IS NOT NULL AND m.release_date > date('2010-01-01') RETURN m.title, m.tagline, m.release_date LIMIT 5","match $m isa movie; $m has tagline $tagline; $m has release_date $release_date; $m has title $title; limit 5; fetch { ""title"": $title, ""tagline"": $tagline, ""release_date"": $release_date };
  $release_date >= 2010-01-01;",Missing date filter for after 2010
451,Name the first 3 adult films that were produced in the country 'Italy'.,MATCH (a:Adult)-[:PRODUCED_IN_COUNTRY]->(:Country {name: 'Italy'}) RETURN a.title LIMIT 3,"match $a isa adult; $country isa country, has country_name 'Italy'; (media: $a, country: $country) isa produced_in_country; $a has title $title; limit 3; fetch { ""title"": $title };",Missing relation to filter by country 'Italy'
455,Which 3 movies have the lowest average vote and were released before 2000?,"MATCH (m:Movie) WHERE m.release_date < date('2000-01-01') AND m.average_vote IS NOT NULL RETURN m.title, m.average_vote, m.release_date ORDER BY m.average_vote LIMIT 3","match $m isa movie; $m has release_date $release_date; $m has average_vote $average_vote; $m has title $title; sort $average_vote asc; limit 3; fetch { ""title"": $title, ""average_vote"": $average_vote, ""release_date"": $release_date };
  $release_date <= 2000-01-01;",Missing date filter for before 2000
458,What are the 3 most popular movies that have been released since 2015?,"MATCH (m:Movie) WHERE m.release_date >= date('2015-01-01') AND m.popularity IS NOT NULL RETURN m.title, m.popularity ORDER BY m.popularity DESC LIMIT 3","match $m isa movie; $m has release_date $release_date; $m has popularity $popularity; $m has title $title; sort $popularity desc; limit 3; fetch { ""title"": $title, ""popularity"": $popularity };
  $release_date >= 2015-01-01;",Missing date filter for >= 2015
462,Name the first 3 movies that have a poster path ending in '/pQFoyx7rp09CJTAb932F2g8Nlho.jpg'.,MATCH (m:Movie) WHERE m.poster_path ENDS WITH '/pQFoyx7rp09CJTAb932F2g8Nlho.jpg' RETURN m.title LIMIT 3,"match $m isa movie; $m has poster_path $poster_path; $m has title $title; limit 3; fetch { ""title"": $title };",Missing ENDS WITH filter
464,List the top 5 movies that have been part of at least one collection.,"MATCH (m:Movie)-[:IN_COLLECTION]->(:Collection) RETURN m.title, m.popularity ORDER BY m.popularity DESC LIMIT 5","match $m isa movie; $collection isa collection; (media: $m, collection: $collection) isa in_collection; $m has title $title; $m has popularity $popularity; sort $popularity desc; limit 5; fetch { ""title"": $title, ""popularity"": $popularity };",Missing in_collection relation
468,Name the first 5 movies that have a release date before 1990.,MATCH (m:Movie) WHERE m.release_date < date('1990-01-01') RETURN m.title LIMIT 5,"match $m isa movie; $m has release_date $release_date; $m has title $title; limit 5; fetch { ""title"": $title };
  $release_date <= 1990-01-01;",Missing date filter for before 1990
477,Which 3 movies have the highest revenue and were released in the 'United Kingdom'?,"MATCH (m:Movie)-[:PRODUCED_IN_COUNTRY]->(:Country {name: 'United Kingdom'}) RETURN m.title, m.revenue ORDER BY m.revenue DESC LIMIT 3","match $m isa movie; $country isa country, has country_name 'United Kingdom'; (media: $m, country: $country) isa produced_in_country; $m has title $title; $m has revenue $revenue; sort $revenue desc; limit 3; fetch { ""title"": $title, ""revenue"": $revenue };",Missing relation to filter by country 'United Kingdom'
488,Find all movies released before 2000 with an average vote greater than 8.,MATCH (m:Movie) WHERE m.release_date < date('2000-01-01') AND m.average_vote > 8 RETURN m,"match $m isa movie; $m has release_date $release_date; $m has average_vote $average_vote; $average_vote > 8;
  $release_date <= 2000-01-01;",Missing date filter for before 2000; missing fetch clause
493,Which genres are associated with movies directed by 'Steven Spielberg'?,MATCH (p:Person {name: 'Steven Spielberg'})-[:CREW_FOR {job: 'Director'}]->(m:Movie)-[:IN_GENRE]->(g:Genre) RETURN DISTINCT g.name AS genre,"match $p isa person, has person_name 'Steven Spielberg'; $m isa movie; $g isa genre; $rel0 (crew_member: $p, film: $m) isa crew_for, has job ""Director""; $g has genre_name $genre_name_g; fetch { ""genre"": $genre_name_g, ""name"": $genre_name_g };",Missing filter for job = 'Director'; missing in_genre relation
497,What are the names of people who have directed movies with a budget over 50 million USD?,MATCH (p:Person)-[:CREW_FOR {job: 'Director'}]->(m:Movie) WHERE m.budget > 50000000 RETURN DISTINCT p.name,"match $p isa person; $m isa movie; $rel0 (crew_member: $p, film: $m) isa crew_for, has job ""Director""; $p has person_name $person_name_p; $m has budget $budget_m; $budget_m > 50000000; fetch { ""name"": $person_name_p };",Missing filter for job = 'Director'
499,List all movies that are part of any collection and have a revenue less than 1 million USD.,"MATCH (m:Movie)-[:IN_COLLECTION]->(:Collection) WHERE m.revenue < 1000000 RETURN m.title, m.revenue","match $m isa movie; $collection isa collection; (media: $m, collection: $collection) isa in_collection; $m has revenue $revenue; $m has title $title; $revenue < 1000000; fetch { ""title"": $title, ""revenue"": $revenue };",Missing in_collection relation
507,Which movies have a runtime that is exactly 90 minutes?,MATCH (m:Movie) WHERE m.runtime = 90 RETURN m.title,"match $m isa movie; $m has runtime $runtime; $m has title $title; fetch { ""title"": $title };
  $runtime == 90;",Missing filter for runtime = 90
509,List the movies that have a budget of zero.,MATCH (m:Movie) WHERE m.budget = 0 RETURN m.title,"match $m isa movie; $m has budget $budget; $m has title $title; fetch { ""title"": $title };",Missing filter for budget = 0
512,List the top 3 highest-grossing movies of 1995.,"MATCH (m:Movie) WHERE m.release_date STARTS WITH '1995' AND m.revenue IS NOT NULL RETURN m.title, m.revenue ORDER BY m.revenue DESC LIMIT 3","match $m isa movie; $m has release_date $release_date; $m has title $title; $m has revenue $revenue; sort $revenue desc; limit 3; fetch { ""title"": $title, ""revenue"": $revenue };",Missing date filter for 1995
514,Which movies are associated with the keyword 'family' and have a release date in the last 5 years?,"MATCH (m:Movie)-[:HAS_KEYWORD]->(k:Keyword {name: 'family'}) WHERE m.release_date >= date() - duration('P5Y') RETURN m.title, m.release_date","match $m isa movie; $k isa keyword, has keyword_name 'family'; $rel0 (media: $m, keyword: $k) isa has_keyword; $m has release_date $release_date_m; $m has title $title_m; fetch { ""title"": $title_m, ""release_date"": $release_date_m };",Missing date filter for last 5 years
515,List the production companies that have produced movies with an original language of Spanish.,MATCH (m:Movie)-[:ORIGINAL_LANGUAGE]->(:Language {name: 'es'}) MATCH (m)-[:PRODUCED_BY]->(c:ProductionCompany) RETURN DISTINCT c.name,"match $m isa movie; $c isa production_company; $rel0 (media: $m, producer: $c) isa produced_by; $c has production_company_name $production_company_name_c; fetch { ""name"": $production_company_name_c };",Missing original_language relation to filter by Spanish
516,Which movies have a popularity less than 5 and more than 2?,MATCH (m:Movie) WHERE m.popularity < 5 AND m.popularity > 2 RETURN m,match $m isa movie; $m has popularity $popularity; $popularity < 5; $popularity > 2;,Missing fetch clause
522,List all movies that have an average vote of exactly 7.7.,MATCH (m:Movie) WHERE m.average_vote = 7.7 RETURN m.title,"match $m isa movie; $m has average_vote $average_vote; $m has title $title; fetch { ""title"": $title };",Missing filter for average_vote = 7.7
523,What are the movies with a poster path that ends with 'T4B.jpg'?,MATCH (m:Movie) WHERE m.poster_path ENDS WITH 'T4B.jpg' RETURN m.title,"match $m isa movie; $m has poster_path $poster_path; $m has title $title; fetch { ""title"": $title };",Missing ENDS WITH filter for 'T4B.jpg'
524,Which movies have been produced by companies based in 'France'?,MATCH (m:Movie)-[:PRODUCED_BY]->(c:ProductionCompany)-[:PRODUCED_IN_COUNTRY]->(country:Country {name: 'France'}) RETURN m.title,"match $m isa movie; $c isa production_company; $country isa country, has country_name 'France'; $rel0 (media: $m, producer: $c) isa produced_by; $m has title $title_m; fetch { ""title"": $title_m };",Missing produced_in_country relation between production company and France
525,List the movies that have been rated exactly 5.0.,MATCH (m:Movie)<-[r:RATED]-(u:User) WHERE r.rating = 5.0 RETURN m.title,"match $m isa movie; $u isa user; $r (rated_media: $m, reviewer: $u) isa rated, has rating $rating; $m has title $title_m; fetch { ""title"": $title_m, ""rating"": $rating };
  $rating == 5.0;",Missing filter for rating = 5.0
526,What are the movies directed by 'Christopher Nolan'?,MATCH (p:Person {name: 'Christopher Nolan'})-[:CREW_FOR {job: 'Director'}]->(m:Movie) RETURN m.title,"match $p isa person, has person_name 'Christopher Nolan'; $m isa movie; $rel0 (crew_member: $p, film: $m) isa crew_for, has job ""Director""; $m has title $title_m; fetch { ""title"": $title_m };",Missing filter for job = 'Director'
528,List the movies that have been produced in more than three countries.,"MATCH (m:Movie)-[:PRODUCED_IN_COUNTRY]->(c:Country) WITH m, count(c) AS num_countries WHERE num_countries > 3 RETURN m.title AS movie, num_countries","match $m isa movie; $c isa country; $rel0 (media: $m, country: $c) isa produced_in_country; $m has title $title_m; reduce $count = count($c); fetch { ""count"": $count };",Wrong output - returns count instead of movie titles; missing filter for count > 3
529,Which movies have a budget less than 1 million USD and have won an award?,MATCH (m:Movie) WHERE m.budget < 1000000 AND exists{ (m)<-[:AWARDED_TO]-() } RETURN m,match $m isa movie; $m has budget $budget; $budget < 1000000;,Missing award check; missing fetch clause
530,List all movies that have a revenue of zero but have been highly rated.,"MATCH (m:Movie) WHERE m.revenue = 0 AND m.average_vote >= 7.0 RETURN m.title, m.average_vote, m.revenue","match $m isa movie; $m has revenue $revenue; $m has average_vote $average_vote; $m has title $title; $average_vote >= 7.0; fetch { ""title"": $title, ""average_vote"": $average_vote, ""revenue"": $revenue };
  $revenue == 0;",Missing filter for revenue = 0
533,List all movies where the spoken language includes both English and Spanish.,MATCH (m:Movie)-[:SPOKEN_IN_LANGUAGE]->(l1:Language {name: 'English'}) WHERE exists{ (m)-[:SPOKEN_IN_LANGUAGE]->(:Language {name: 'Spanish'}) } RETURN m.title,"match $m isa movie; $l1 isa language, has language_name 'English'; $rel0 (media: $m, language: $l1) isa spoken_in_language; $m has title $title_m; fetch { ""title"": $title_m };",Missing EXISTS check for Spanish
536,List all movies that have an average_vote less than 3.,MATCH (m:Movie) WHERE m.average_vote < 3 RETURN m,match $m isa movie; $m has average_vote $average_vote; $average_vote < 3;,Missing fetch clause
538,List the movies that have a revenue greater than their budget.,"MATCH (m:Movie) WHERE m.revenue > m.budget RETURN m.title, m.budget, m.revenue","match $m isa movie; $m has revenue $revenue; $m has budget $budget; $m has title $title; fetch { ""title"": $title, ""budget"": $budget, ""revenue"": $revenue };",Missing comparison filter revenue > budget
542,List the movies with a release date on '1995-10-30'.,"MATCH (m:Movie) WHERE m.release_date = date('1995-10-30') RETURN m.title, m.release_date","match $m isa movie; $m has release_date $release_date; $m has title $title; fetch { ""title"": $title, ""release_date"": $release_date };",Missing date filter for '1995-10-30'
543,Which movies have a title that starts with 'The'?,MATCH (m:Movie) WHERE m.title STARTS WITH 'The' RETURN m.title,"match $m isa movie; $m has title $title; fetch { ""title"": $title };",Missing STARTS WITH filter for 'The'
